datetime,open,high,low,close,volume
2026-01-30 09:15:00,144.05,147.47,144.05,146.8,56317
2026-01-30 09:30:00,146.85,148.72,146.56,148.06,88750
2026-01-30 09:45:00,148.23,148.49,147.42,147.42,24845
2026-01-30 10:00:00,147.42,148.65,147.42,148.57,38142
2026-01-30 10:15:00,148.57,149.0,147.88,147.95,22981
2026-01-30 10:30:00,147.95,148.47,147.32,147.59,14308
2026-01-30 10:45:00,147.59,148.59,147.3,148.25,12944
2026-01-30 11:00:00,148.25,149.5,148.2,149.21,41235
2026-01-30 11:15:00,149.03,149.82,149.03,149.57,63774
2026-01-30 11:30:00,149.57,149.6,148.98,149.13,22553
2026-01-30 11:45:00,149.13,149.2,148.44,148.7,4703
2026-01-30 12:00:00,148.59,149.15,148.36,148.77,15723
2026-01-30 12:15:00,148.77,149.08,147.04,147.04,24823
2026-01-30 12:30:00,147.04,147.36,146.61,146.8,54521
2026-01-30 12:45:00,146.8,147.08,146.73,147.08,10770
2026-01-30 13:00:00,147.08,147.1,146.55,146.69,17415
2026-01-30 13:15:00,146.69,147.61,146.24,147.43,167455
2026-01-30 13:30:00,147.43,147.45,146.9,147.15,7522
2026-01-30 13:45:00,147.15,147.35,146.9,147.25,7964
2026-01-30 14:00:00,147.25,147.25,146.93,147.07,5179
2026-01-30 14:15:00,147.07,147.34,146.87,147.34,11150
2026-01-30 14:30:00,147.35,147.35,146.69,146.93,15321
2026-01-30 14:45:00,146.93,147.04,146.85,146.99,73946
2026-01-30 15:00:00,146.99,147.04,146.31,147.0,79837
2026-01-30 15:15:00,146.95,148.93,146.25,148.25,134539
2026-02-01 09:15:00,148.24,148.89,147.0,147.2,10663
2026-02-01 09:30:00,147.2,147.2,146.54,146.99,8410
2026-02-01 09:45:00,147.13,147.94,147.02,147.94,4508
2026-02-01 10:00:00,147.94,153.0,147.36,151.8,177916
2026-02-01 10:15:00,151.8,152.49,150.15,150.52,40548
2026-02-01 10:30:00,150.52,150.97,150.06,150.33,25379
2026-02-01 10:45:00,150.33,150.75,150.0,150.24,42753
2026-02-01 11:00:00,150.24,150.41,149.51,150.0,31921
2026-02-01 11:15:00,150.0,150.0,149.4,149.9,12061
2026-02-01 11:30:00,149.9,149.9,149.23,149.6,9813
2026-02-01 11:45:00,149.78,150.31,149.47,150.01,12650
2026-02-01 12:00:00,150.01,150.22,148.03,149.14,22233
2026-02-01 12:15:00,149.14,149.24,146.95,147.64,39534
2026-02-01 12:30:00,147.7,149.37,146.87,149.28,31659
2026-02-01 12:45:00,149.28,149.94,148.53,149.63,23810
2026-02-01 13:00:00,149.63,150.12,149.44,149.96,22985
2026-02-01 13:15:00,149.96,150.0,149.22,149.22,3224
2026-02-01 13:30:00,149.22,149.24,148.81,149.0,4553
2026-02-01 13:45:00,149.0,149.6,148.96,149.4,6394
2026-02-01 14:00:00,149.4,149.5,148.94,149.23,13885
2026-02-01 14:15:00,149.23,149.5,149.12,149.49,4682
2026-02-01 14:30:00,149.49,150.27,148.79,150.27,12067
2026-02-01 14:45:00,150.27,150.3,149.57,150.01,30780
2026-02-01 15:00:00,150.06,150.24,149.61,149.79,50234
2026-02-01 15:15:00,149.79,149.8,146.13,147.0,72833
2026-02-02 09:15:00,146.51,151.8,146.51,151.07,131193
2026-02-02 09:30:00,150.97,151.64,150.36,150.36,56947
2026-02-02 09:45:00,150.42,150.43,149.51,149.6,46944
2026-02-02 10:00:00,149.8,149.81,148.2,149.22,52194
2026-02-02 10:15:00,149.22,149.45,148.68,149.12,28037
2026-02-02 10:30:00,149.12,149.83,149.04,149.83,20933
2026-02-02 10:45:00,149.77,149.77,149.0,149.28,19794
2026-02-02 11:00:00,149.25,149.47,148.61,149.27,32564
2026-02-02 11:15:00,149.17,149.4,148.7,148.88,15005
2026-02-02 11:30:00,148.88,149.19,148.57,148.78,28443
2026-02-02 11:45:00,148.78,148.85,148.5,148.65,4825
2026-02-02 12:00:00,148.65,148.65,148.25,148.38,7485
2026-02-02 12:15:00,148.38,148.5,148.01,148.2,5648
2026-02-02 12:30:00,148.2,148.26,148.0,148.15,12671
2026-02-02 12:45:00,148.15,148.58,148.0,148.42,7563
2026-02-02 13:00:00,148.42,148.65,148.17,148.39,3342
2026-02-02 13:15:00,148.39,148.39,147.91,148.37,5673
2026-02-02 13:30:00,148.37,148.59,147.86,148.59,9200
2026-02-02 13:45:00,148.59,148.68,148.23,148.56,5802
2026-02-02 14:00:00,148.56,148.7,148.0,148.23,10646
2026-02-02 14:15:00,148.34,149.08,148.2,148.96,7628
2026-02-02 14:30:00,148.92,149.2,148.25,148.3,6924
2026-02-02 14:45:00,148.3,148.5,147.63,147.8,7601
2026-02-02 15:00:00,147.8,148.69,147.75,148.15,11949
2026-02-02 15:15:00,148.04,148.94,147.78,148.73,44164
2026-02-03 09:15:00,153.09,157.0,149.9,149.96,129463
2026-02-03 09:30:00,149.96,150.83,147.5,148.0,92398
2026-02-03 09:45:00,147.75,148.37,146.35,147.65,105149
2026-02-03 10:00:00,147.65,147.81,147.48,147.75,16886
2026-02-03 10:15:00,147.75,147.81,147.1,147.54,9234
2026-02-03 10:30:00,147.54,147.68,146.57,146.93,36788
2026-02-03 10:45:00,147.0,147.16,145.95,146.25,37375
2026-02-03 11:00:00,146.45,146.67,146.28,146.48,11441
2026-02-03 11:15:00,146.48,146.64,146.31,146.43,12004
2026-02-03 11:30:00,146.43,146.7,146.11,146.34,15187
2026-02-03 11:45:00,146.34,148.32,145.8,146.03,118003
2026-02-03 12:00:00,146.03,146.94,145.98,146.6,18536
2026-02-03 12:15:00,146.6,146.68,146.24,146.41,8602
2026-02-03 12:30:00,146.32,146.32,145.22,145.59,12393
2026-02-03 12:45:00,145.41,145.69,144.87,144.9,33467
2026-02-03 13:00:00,144.89,145.27,144.89,144.91,9510
2026-02-03 13:15:00,144.91,145.1,144.13,144.52,14940
2026-02-03 13:30:00,144.52,144.75,144.25,144.69,10518
2026-02-03 13:45:00,144.69,145.3,144.5,144.9,21025
2026-02-03 14:00:00,144.9,145.35,144.78,144.79,20395
2026-02-03 14:15:00,144.79,144.98,144.46,144.62,10291
2026-02-03 14:30:00,144.62,144.81,144.25,144.65,12262
2026-02-03 14:45:00,144.65,144.73,144.42,144.67,7900
2026-02-03 15:00:00,144.67,144.96,143.82,144.2,54904
2026-02-03 15:15:00,144.2,148.59,143.6,144.57,227968
2026-02-04 09:15:00,144.95,146.07,142.55,145.81,74414
2026-02-04 09:30:00,145.8,146.11,144.73,145.24,34067
2026-02-04 09:45:00,145.24,147.67,145.12,147.56,40653
2026-02-04 10:00:00,147.56,147.7,147.0,147.35,31282
2026-02-04 10:15:00,147.35,147.48,146.69,146.85,42938
2026-02-04 10:30:00,146.85,146.87,146.01,146.48,21054
2026-02-04 10:45:00,146.5,146.5,146.05,146.5,10901
2026-02-04 11:00:00,146.5,146.82,145.89,146.15,12886
2026-02-04 11:15:00,146.02,146.12,145.8,145.88,7312
2026-02-04 11:30:00,145.88,146.19,145.84,145.93,7420
2026-02-04 11:45:00,145.93,146.17,145.6,146.07,9323
2026-02-04 12:00:00,146.07,146.14,145.3,145.54,8503
2026-02-04 12:15:00,145.53,145.79,145.5,145.71,13853
2026-02-04 12:30:00,145.71,145.71,145.0,145.32,20389
2026-02-04 12:45:00,145.3,145.54,145.18,145.32,5521
2026-02-04 13:00:00,145.32,145.6,144.89,144.89,46379
2026-02-04 13:15:00,144.95,145.39,144.7,145.23,36439
2026-02-04 13:30:00,145.22,145.55,145.01,145.12,50911
2026-02-04 13:45:00,145.12,145.29,144.95,145.01,11091
2026-02-04 14:00:00,144.94,146.76,144.57,146.62,1579414
2026-02-04 14:15:00,146.62,146.85,144.7,145.15,79686
2026-02-04 14:30:00,145.19,145.87,145.15,145.46,19966
2026-02-04 14:45:00,145.46,145.82,145.16,145.32,17063
2026-02-04 15:00:00,145.62,146.41,145.16,145.84,81770
2026-02-04 15:15:00,145.82,146.63,145.33,146.08,155234
2026-02-05 09:15:00,146.08,146.08,144.23,145.04,49941
2026-02-05 09:30:00,145.08,145.46,144.81,145.06,15016
2026-02-05 09:45:00,145.06,145.08,143.88,143.88,12343
2026-02-05 10:00:00,143.88,143.88,142.5,143.05,43014
2026-02-05 10:15:00,143.05,143.18,142.73,142.99,24433
2026-02-05 10:30:00,143.0,145.7,142.95,145.65,45192
2026-02-05 10:45:00,145.7,145.98,145.15,145.15,40543
2026-02-05 11:00:00,145.2,145.73,145.0,145.28,28149
2026-02-05 11:15:00,145.28,145.28,145.0,145.12,13505
2026-02-05 11:30:00,145.11,145.3,145.0,145.16,11593
2026-02-05 11:45:00,145.16,145.6,145.0,145.4,25192
2026-02-05 12:00:00,145.45,145.45,145.06,145.07,13829
2026-02-05 12:15:00,145.12,145.15,145.0,145.04,5632
2026-02-05 12:30:00,145.04,145.19,144.94,145.0,14031
2026-02-05 12:45:00,145.0,145.16,144.95,145.05,8644
2026-02-05 13:00:00,145.05,145.06,144.95,145.0,7550
2026-02-05 13:15:00,145.0,145.26,144.95,145.13,31427
2026-02-05 13:30:00,145.13,145.19,145.03,145.14,11937
2026-02-05 13:45:00,145.19,145.26,144.95,145.01,19658
2026-02-05 14:00:00,145.02,145.08,144.95,145.0,25813
2026-02-05 14:15:00,145.05,145.05,144.95,145.0,8973
2026-02-05 14:30:00,145.0,145.04,144.84,145.04,24025
2026-02-05 14:45:00,145.04,145.11,144.95,145.02,27218
2026-02-05 15:00:00,145.02,145.04,144.95,145.01,42400
2026-02-05 15:15:00,145.0,145.8,144.14,145.0,70298
2026-02-06 09:15:00,144.0,146.99,143.7,146.75,29904
2026-02-06 09:30:00,146.75,149.5,146.75,149.37,119363
2026-02-06 09:45:00,149.4,149.61,148.21,148.95,155089
2026-02-06 10:00:00,148.96,149.24,147.15,147.73,174078
2026-02-06 10:15:00,147.73,148.16,147.32,147.63,53767
2026-02-06 10:30:00,147.66,148.0,147.51,147.67,32452
2026-02-06 10:45:00,147.67,148.6,147.67,148.27,59800
2026-02-06 11:00:00,148.27,148.7,148.19,148.37,40035
2026-02-06 11:15:00,148.37,148.78,148.01,148.49,37893
2026-02-06 11:30:00,148.49,148.91,148.33,148.79,25392
2026-02-06 11:45:00,148.79,148.86,147.76,148.3,140457
2026-02-06 12:00:00,148.2,148.42,145.22,146.35,162725
2026-02-06 12:15:00,146.35,146.45,145.77,145.99,51918
2026-02-06 12:30:00,145.99,146.96,145.99,146.48,27847
2026-02-06 12:45:00,146.48,146.48,145.46,146.06,881678
2026-02-06 13:00:00,146.06,146.26,145.67,146.0,23282
2026-02-06 13:15:00,146.0,146.15,145.29,145.85,152329
2026-02-06 13:30:00,145.85,146.25,145.83,146.07,43055
2026-02-06 13:45:00,146.07,146.07,144.8,144.91,38119
2026-02-06 14:00:00,144.91,145.3,144.89,145.14,38773
2026-02-06 14:15:00,145.14,145.26,144.91,145.16,23459
2026-02-06 14:30:00,145.11,145.65,145.1,145.55,21598
2026-02-06 14:45:00,145.43,145.53,145.1,145.34,49922
2026-02-06 15:00:00,145.39,145.56,144.87,144.92,60439
2026-02-06 15:15:00,144.92,145.13,144.13,144.67,99411
2026-02-09 09:15:00,144.55,146.05,144.55,145.93,42631
2026-02-09 09:30:00,145.93,146.15,145.71,145.95,17957
2026-02-09 09:45:00,145.95,146.15,145.51,145.63,9115
2026-02-09 10:00:00,145.63,145.78,145.4,145.59,3559
2026-02-09 10:15:00,145.59,147.9,145.45,147.87,31201
2026-02-09 10:30:00,147.87,148.71,147.43,147.57,72104
2026-02-09 10:45:00,147.5,147.5,146.61,147.0,25706
2026-02-09 11:00:00,147.0,148.45,146.96,147.6,79012
2026-02-09 11:15:00,147.6,147.79,147.36,147.4,45978
2026-02-09 11:30:00,147.42,147.65,147.15,147.5,13541
2026-02-09 11:45:00,147.5,147.5,147.2,147.28,7079
2026-02-09 12:00:00,147.28,147.39,147.11,147.3,7404
2026-02-09 12:15:00,147.3,148.02,147.14,147.83,96950
2026-02-09 12:30:00,147.83,149.29,147.62,148.73,53889
2026-02-09 12:45:00,148.73,149.09,148.37,148.54,33751
2026-02-09 13:00:00,148.54,148.54,148.12,148.35,12249
2026-02-09 13:15:00,148.29,148.5,148.29,148.35,49224
2026-02-09 13:30:00,148.35,148.5,148.32,148.35,33946
2026-02-09 13:45:00,148.35,148.43,148.34,148.35,16869
2026-02-09 14:00:00,148.35,148.46,148.15,148.35,18626
2026-02-09 14:15:00,148.35,148.46,147.85,148.0,14362
2026-02-09 14:30:00,148.0,148.05,147.72,147.95,7769
2026-02-09 14:45:00,147.95,147.96,147.48,147.55,17437
2026-02-09 15:00:00,147.61,147.61,147.38,147.55,14113
2026-02-09 15:15:00,147.55,147.65,146.35,147.1,141190
2026-02-10 09:15:00,147.35,148.57,147.0,147.54,29535
2026-02-10 09:30:00,147.54,147.58,146.36,146.86,12287
2026-02-10 09:45:00,146.86,146.89,146.15,146.33,8543
2026-02-10 10:00:00,146.33,147.14,146.01,147.14,8480
2026-02-10 10:15:00,147.14,148.04,147.07,147.85,21173
2026-02-10 10:30:00,147.85,147.99,147.51,147.89,22513
2026-02-10 10:45:00,147.89,148.02,147.71,147.71,4272
2026-02-10 11:00:00,147.71,148.09,147.7,148.05,4729
2026-02-10 11:15:00,148.05,148.09,147.8,147.8,5065
2026-02-10 11:30:00,147.8,147.96,147.8,147.96,4677
2026-02-10 11:45:00,147.96,148.0,147.82,147.96,3879
2026-02-10 12:00:00,147.96,148.15,147.8,148.01,7955
2026-02-10 12:15:00,148.01,149.2,148.01,149.16,31420
2026-02-10 12:30:00,149.02,150.7,149.02,149.5,82904
2026-02-10 12:45:00,149.5,150.07,149.02,149.73,20059
2026-02-10 13:00:00,149.73,149.8,149.32,149.39,8754
2026-02-10 13:15:00,149.39,149.39,148.32,148.5,12680
2026-02-10 13:30:00,148.5,148.5,148.09,148.16,10223
2026-02-10 13:45:00,148.16,148.23,147.98,148.05,7614
2026-02-10 14:00:00,148.05,148.1,147.36,147.36,70589
2026-02-10 14:15:00,147.35,147.82,147.22,147.24,9580
2026-02-10 14:30:00,147.24,147.74,147.06,147.4,8051
2026-02-10 14:45:00,147.39,147.39,146.3,146.8,44375
2026-02-10 15:00:00,146.78,146.78,146.25,146.48,12173
2026-02-10 15:15:00,146.48,147.0,146.25,147.0,40624
2026-02-11 09:15:00,146.52,147.13,144.74,145.02,83448
2026-02-11 09:30:00,145.02,145.25,144.11,144.35,65689
2026-02-11 09:45:00,144.35,145.75,143.41,145.36,51310
2026-02-11 10:00:00,145.45,146.04,144.9,145.85,32885
2026-02-11 10:15:00,145.9,146.44,145.61,145.99,46549
2026-02-11 10:30:00,145.99,146.8,145.9,146.51,32119
2026-02-11 10:45:00,146.5,147.34,146.35,147.3,27525
2026-02-11 11:00:00,147.25,147.48,146.98,147.06,31793
2026-02-11 11:15:00,147.1,147.7,147.0,147.36,28459
2026-02-11 11:30:00,147.36,147.4,146.0,146.21,70374
2026-02-11 11:45:00,146.24,146.85,146.05,146.12,15870
2026-02-11 12:00:00,146.12,146.46,145.82,146.33,9856
2026-02-11 12:15:00,146.41,146.85,146.13,146.6,10169
2026-02-11 12:30:00,146.52,148.1,146.48,148.02,73817
2026-02-11 12:45:00,148.02,149.39,148.0,148.96,59781
2026-02-11 13:00:00,148.96,148.97,148.0,148.07,58735
2026-02-11 13:15:00,148.1,148.49,148.0,148.4,14665
2026-02-11 13:30:00,148.38,148.54,148.21,148.54,5772
2026-02-11 13:45:00,148.42,148.5,148.26,148.3,4951
2026-02-11 14:00:00,148.3,150.01,148.01,149.43,1731561
2026-02-11 14:15:00,149.47,149.8,149.38,149.69,35169
2026-02-11 14:30:00,149.69,150.1,149.4,149.61,231669
2026-02-11 14:45:00,149.64,149.64,148.5,148.63,55227
2026-02-11 15:00:00,148.66,149.02,148.53,148.71,46126
2026-02-11 15:15:00,148.73,148.92,148.01,148.28,135805
2026-02-12 09:15:00,150.58,150.58,147.54,147.79,455722
2026-02-12 09:30:00,147.81,147.9,147.33,147.78,23012
2026-02-12 09:45:00,147.66,147.79,147.37,147.46,21234
2026-02-12 10:00:00,147.46,147.53,147.1,147.4,12614
2026-02-12 10:15:00,147.4,147.68,147.12,147.2,14028
2026-02-12 10:30:00,147.2,147.55,147.01,147.5,15061
2026-02-12 10:45:00,147.5,147.5,147.29,147.4,4872
2026-02-12 11:00:00,147.4,147.96,147.25,147.8,18346
2026-02-12 11:15:00,147.8,148.04,147.36,148.04,240353
2026-02-12 11:30:00,148.04,148.1,147.6,147.6,11158
2026-02-12 11:45:00,147.6,148.0,147.6,147.99,10140
2026-02-12 12:00:00,147.99,147.99,147.5,147.62,10728
2026-02-12 12:15:00,147.62,147.92,147.62,147.74,5506
2026-02-12 12:30:00,147.72,147.91,147.5,147.6,12014
2026-02-12 12:45:00,147.6,147.82,147.54,147.68,5138
2026-02-12 13:00:00,147.68,147.8,147.51,147.6,7374
2026-02-12 13:15:00,147.57,147.76,147.37,147.37,14141
2026-02-12 13:30:00,147.37,147.74,147.36,147.62,7231
2026-02-12 13:45:00,147.62,147.85,147.44,147.61,14323
2026-02-12 14:00:00,147.61,147.7,147.4,147.48,19369
2026-02-12 14:15:00,147.48,147.6,147.34,147.42,19746
2026-02-12 14:30:00,147.42,147.65,147.35,147.55,9111
2026-02-12 14:45:00,147.52,147.55,146.74,146.95,305293
2026-02-12 15:00:00,147.02,147.25,146.8,147.17,23824
2026-02-12 15:15:00,147.17,147.5,147.0,147.0,64563
2026-02-13 09:15:00,147.25,147.25,146.19,146.53,34500
2026-02-13 09:30:00,146.53,147.91,146.53,147.8,27506
2026-02-13 09:45:00,147.8,147.83,147.16,147.3,6966
2026-02-13 10:00:00,147.3,147.36,147.0,147.27,13382
2026-02-13 10:15:00,147.27,148.21,147.09,148.15,9753
2026-02-13 10:30:00,148.15,150.1,148.06,149.57,127065
2026-02-13 10:45:00,149.57,150.13,149.17,149.68,93881
2026-02-13 11:00:00,149.68,150.12,148.27,148.51,59422
2026-02-13 11:15:00,148.51,148.98,148.05,148.41,32028
2026-02-13 11:30:00,148.28,148.41,147.27,147.38,52031
2026-02-13 11:45:00,147.38,147.56,147.08,147.11,5181
2026-02-13 12:00:00,147.11,152.9,147.11,151.64,248701
2026-02-13 12:15:00,151.64,153.72,151.01,152.92,235046
2026-02-13 12:30:00,152.92,153.18,150.7,151.59,116926
2026-02-13 12:45:00,151.75,152.17,151.0,151.25,64033
2026-02-13 13:00:00,151.38,152.71,151.22,152.29,56003
2026-02-13 13:15:00,152.29,152.65,152.02,152.15,37476
2026-02-13 13:30:00,152.22,152.5,151.61,151.93,70354
2026-02-13 13:45:00,151.93,151.93,150.85,150.88,60869
2026-02-13 14:00:00,151.1,151.17,150.81,151.1,15843
2026-02-13 14:15:00,151.1,151.48,151.02,151.38,11164
2026-02-13 14:30:00,151.38,151.74,151.35,151.55,16254
2026-02-13 14:45:00,151.55,151.64,150.7,151.5,28984
2026-02-13 15:00:00,151.53,151.99,151.0,151.84,70910
2026-02-13 15:15:00,151.79,152.2,150.85,151.5,130523
2026-02-16 09:15:00,151.61,159.0,151.61,157.7,693275
2026-02-16 09:30:00,157.7,158.16,155.21,155.58,263896
2026-02-16 09:45:00,155.44,158.41,155.01,155.88,193381
2026-02-16 10:00:00,155.88,157.01,155.4,156.09,96445
2026-02-16 10:15:00,156.09,156.36,155.2,155.71,52890
2026-02-16 10:30:00,155.71,155.76,154.58,154.67,55405
2026-02-16 10:45:00,154.67,155.21,154.61,154.87,24974
2026-02-16 11:00:00,154.87,155.8,154.82,155.53,31361
2026-02-16 11:15:00,155.53,155.68,155.01,155.26,26807
2026-02-16 11:30:00,155.26,155.58,154.96,155.43,18754
2026-02-16 11:45:00,155.4,155.4,154.5,154.67,22798
2026-02-16 12:00:00,154.67,154.76,154.03,154.34,34908
2026-02-16 12:15:00,154.34,154.42,153.54,153.95,19992
2026-02-16 12:30:00,153.95,154.62,153.9,154.26,21633
2026-02-16 12:45:00,154.26,154.26,153.3,153.67,27114
2026-02-16 13:00:00,153.67,153.87,152.71,152.77,35243
2026-02-16 13:15:00,152.76,153.45,152.5,153.02,37730
2026-02-16 13:30:00,153.02,153.24,152.8,153.03,12658
2026-02-16 13:45:00,153.03,153.1,152.5,152.76,19814
2026-02-16 14:00:00,152.76,155.12,152.76,154.59,48553
2026-02-16 14:15:00,154.59,154.76,153.19,153.37,39544
2026-02-16 14:30:00,153.29,153.94,153.16,153.83,21810
2026-02-16 14:45:00,153.83,153.97,153.01,153.09,31497
2026-02-16 15:00:00,153.09,153.81,153.06,153.36,39575
2026-02-16 15:15:00,153.36,155.3,153.07,153.51,185741
2026-02-17 09:15:00,154.9,154.9,151.05,151.11,142192
2026-02-17 09:30:00,151.11,151.11,149.76,150.69,82252
2026-02-17 09:45:00,150.61,150.82,150.3,150.52,24706
2026-02-17 10:00:00,150.52,151.98,150.07,151.36,33556
2026-02-17 10:15:00,151.36,151.69,151.2,151.53,9952
2026-02-17 10:30:00,151.53,151.69,150.6,151.05,23240
2026-02-17 10:45:00,151.08,151.2,150.48,150.5,15108
2026-02-17 11:00:00,150.63,151.36,150.58,151.0,23011
2026-02-17 11:15:00,151.0,151.49,150.99,151.18,14674
2026-02-17 11:30:00,151.18,151.25,151.02,151.17,3265
2026-02-17 11:45:00,151.17,152.99,151.14,152.54,28441
2026-02-17 12:00:00,152.54,152.81,152.41,152.58,7594
2026-02-17 12:15:00,152.58,152.7,152.47,152.67,12963
2026-02-17 12:30:00,152.59,152.94,152.52,152.63,7000
2026-02-17 12:45:00,152.72,152.72,152.14,152.47,6361
2026-02-17 13:00:00,152.47,152.82,152.34,152.48,14678
2026-02-17 13:15:00,152.38,152.9,152.22,152.45,7899
2026-02-17 13:30:00,152.45,152.45,152.01,152.4,5254
2026-02-17 13:45:00,152.4,152.4,152.02,152.12,4123
2026-02-17 14:00:00,152.12,152.69,151.84,152.04,15335
2026-02-17 14:15:00,152.04,152.39,152.0,152.05,7195
2026-02-17 14:30:00,152.05,152.39,152.05,152.28,4393
2026-02-17 14:45:00,152.28,152.55,152.13,152.48,17856
2026-02-17 15:00:00,152.34,152.5,151.63,151.63,30081
2026-02-17 15:15:00,151.43,153.01,151.3,151.6,144686
2026-02-18 09:15:00,152.1,152.98,151.42,151.8,47466
2026-02-18 09:30:00,151.8,152.0,151.5,151.8,18278
2026-02-18 09:45:00,151.8,152.0,151.64,151.64,13004
2026-02-18 10:00:00,151.64,151.68,151.0,151.16,15704
2026-02-18 10:15:00,151.49,152.5,151.26,152.32,30918
2026-02-18 10:30:00,152.32,152.32,151.99,152.12,18837
2026-02-18 10:45:00,152.12,152.17,152.0,152.0,17009
2026-02-18 11:00:00,152.0,152.13,151.11,151.5,43383
2026-02-18 11:15:00,151.5,152.0,151.5,151.7,5652
2026-02-18 11:30:00,151.7,151.83,151.5,151.68,5334
2026-02-18 11:45:00,151.68,151.82,151.5,151.82,4945
2026-02-18 12:00:00,151.82,151.82,151.6,151.65,2212
2026-02-18 12:15:00,151.65,151.75,151.6,151.67,3875
2026-02-18 12:30:00,151.67,151.77,151.6,151.69,4929
2026-02-18 12:45:00,151.69,151.73,151.69,151.7,7420
2026-02-18 13:00:00,151.7,151.77,151.7,151.76,1547
2026-02-18 13:15:00,151.76,151.97,151.63,151.8,4076
2026-02-18 13:30:00,151.8,151.96,151.8,151.8,5243
2026-02-18 13:45:00,151.8,151.88,151.8,151.84,3398
2026-02-18 14:00:00,151.84,152.0,151.8,151.92,6836
2026-02-18 14:15:00,151.92,152.0,151.8,151.94,6195
2026-02-18 14:30:00,151.94,152.0,151.3,151.77,47973
2026-02-18 14:45:00,151.77,151.77,151.43,151.53,5142
2026-02-18 15:00:00,151.53,152.14,151.53,151.89,21063
2026-02-18 15:15:00,151.89,152.03,150.4,151.84,37654
2026-02-19 09:15:00,151.01,154.01,150.8,152.6,75023
2026-02-19 09:30:00,152.6,152.6,151.52,151.68,22882
2026-02-19 09:45:00,151.68,151.99,151.18,151.18,16873
2026-02-19 10:00:00,151.48,151.61,151.23,151.6,10962
2026-02-19 10:15:00,151.47,151.63,151.01,151.54,11667
2026-02-19 10:30:00,151.54,151.68,151.16,151.24,8516
2026-02-19 10:45:00,151.22,151.29,151.07,151.21,3475
2026-02-19 11:00:00,151.21,151.65,151.13,151.42,12831
2026-02-19 11:15:00,151.42,151.99,151.22,151.85,17210
2026-02-19 11:30:00,151.85,151.98,151.72,151.78,16696
2026-02-19 11:45:00,151.78,151.9,151.56,151.74,6201
2026-02-19 12:00:00,151.74,151.74,151.33,151.34,5136
2026-02-19 12:15:00,151.34,151.37,151.18,151.35,1989
2026-02-19 12:30:00,151.35,151.6,151.0,151.13,8168
2026-02-19 12:45:00,151.13,151.41,151.03,151.41,3125
2026-02-19 13:00:00,151.41,151.41,150.95,151.2,2559
2026-02-19 13:15:00,151.2,151.48,151.05,151.33,5225
2026-02-19 13:30:00,151.33,151.33,151.08,151.09,2384
2026-02-19 13:45:00,151.09,151.18,150.53,150.53,8474
2026-02-19 14:00:00,150.53,151.44,150.51,150.93,11879
2026-02-19 14:15:00,151.0,151.14,150.71,150.76,4180
2026-02-19 14:30:00,150.76,151.26,150.76,150.92,2446
2026-02-19 14:45:00,150.92,151.39,150.4,150.5,17835
2026-02-19 15:00:00,150.5,150.78,147.29,148.14,88401
2026-02-19 15:15:00,148.14,148.75,147.75,148.3,44079
2026-02-20 09:15:00,147.35,149.74,147.35,149.39,73909
2026-02-20 09:30:00,149.21,150.34,149.21,149.94,25743
2026-02-20 09:45:00,150.0,150.19,149.61,150.0,12444
2026-02-20 10:00:00,150.0,150.04,149.59,149.68,14791
2026-02-20 10:15:00,149.68,150.39,149.68,150.0,10768
2026-02-20 10:30:00,150.0,150.21,149.95,150.05,5088
2026-02-20 10:45:00,150.06,150.37,149.82,150.05,4278
2026-02-20 11:00:00,150.05,150.31,149.73,149.85,8447
2026-02-20 11:15:00,149.85,150.0,149.64,150.0,5546
2026-02-20 11:30:00,150.0,150.07,149.73,149.74,2782
2026-02-20 11:45:00,149.74,149.88,149.59,149.7,6222
2026-02-20 12:00:00,149.7,149.9,149.45,149.9,4761
2026-02-20 12:15:00,149.9,150.17,149.89,149.91,6941
2026-02-20 12:30:00,149.91,150.0,149.86,149.87,3874
2026-02-20 12:45:00,149.87,150.0,149.62,149.81,4131
2026-02-20 13:00:00,149.81,149.81,149.5,149.52,2141
2026-02-20 13:15:00,149.52,149.52,149.01,149.26,11724
2026-02-20 13:30:00,149.26,149.68,149.26,149.28,14305
2026-02-20 13:45:00,149.28,149.7,149.28,149.51,4306
2026-02-20 14:00:00,149.51,150.0,149.51,149.57,15295
2026-02-20 14:15:00,149.57,149.79,149.25,149.25,5374
2026-02-20 14:30:00,149.25,149.51,149.0,149.42,3831
2026-02-20 14:45:00,149.51,149.93,149.36,149.7,5899
2026-02-20 15:00:00,149.7,149.95,149.65,149.93,18577
2026-02-20 15:15:00,149.93,149.97,148.9,148.9,32598
2026-02-23 09:15:00,149.56,150.67,148.5,149.33,68324
2026-02-23 09:30:00,149.22,149.58,148.87,149.0,14426
2026-02-23 09:45:00,149.0,149.15,148.2,148.77,17434
2026-02-23 10:00:00,148.77,148.87,148.0,148.17,19347
2026-02-23 10:15:00,148.17,148.32,147.6,147.99,10786
2026-02-23 10:30:00,147.99,148.2,147.48,147.56,5934
2026-02-23 10:45:00,147.58,147.72,147.45,147.65,7494
2026-02-23 11:00:00,147.65,148.1,147.6,147.95,8137
2026-02-23 11:15:00,147.95,148.18,147.55,147.73,9231
2026-02-23 11:30:00,147.73,147.76,147.45,147.45,3174
2026-02-23 11:45:00,147.45,147.64,146.66,147.2,14642
2026-02-23 12:00:00,147.21,147.35,147.09,147.28,3903
2026-02-23 12:15:00,147.28,148.44,147.28,148.26,16231
2026-02-23 12:30:00,148.26,148.29,147.78,147.91,5828
2026-02-23 12:45:00,147.94,148.16,147.38,148.0,6701
2026-02-23 13:00:00,148.0,148.26,147.77,148.02,4946
2026-02-23 13:15:00,148.02,148.05,147.53,147.99,6984
2026-02-23 13:30:00,147.99,148.0,147.61,147.78,2183
2026-02-23 13:45:00,147.65,147.86,147.32,147.34,3205
2026-02-23 14:00:00,147.39,148.65,147.39,147.8,12703
2026-02-23 14:15:00,147.8,147.9,147.5,147.5,3188
2026-02-23 14:30:00,147.5,148.0,147.5,148.0,8019
2026-02-23 14:45:00,148.0,148.76,147.9,148.75,5286
2026-02-23 15:00:00,148.28,148.59,147.47,147.66,24892
2026-02-23 15:15:00,147.66,147.99,147.6,147.6,25058
2026-02-24 09:15:00,147.76,149.9,146.35,149.76,62399
2026-02-24 09:30:00,149.76,150.0,148.42,148.43,48515
2026-02-24 09:45:00,148.43,148.93,148.21,148.34,15013
2026-02-24 10:00:00,148.34,148.88,148.28,148.49,8145
2026-02-24 10:15:00,148.49,149.09,148.21,148.76,5420
2026-02-24 10:30:00,148.55,149.16,148.55,148.91,5802
2026-02-24 10:45:00,148.9,148.9,148.51,148.58,7244
2026-02-24 11:00:00,148.58,148.79,148.24,148.79,6130
2026-02-24 11:15:00,148.68,148.78,148.53,148.65,3131
2026-02-24 11:30:00,148.64,148.65,148.25,148.3,3852
2026-02-24 11:45:00,148.12,148.28,147.63,147.87,6391
2026-02-24 12:00:00,147.87,147.93,147.27,147.5,24514
2026-02-24 12:15:00,147.5,147.89,147.15,147.76,22274
2026-02-24 12:30:00,147.76,148.22,147.52,147.93,8692
2026-02-24 12:45:00,147.93,149.89,147.72,149.63,29116
2026-02-24 13:00:00,149.7,150.79,149.51,150.56,50353
2026-02-24 13:15:00,150.56,150.6,149.75,149.75,25587
2026-02-24 13:30:00,149.75,149.82,149.55,149.7,10748
2026-02-24 13:45:00,149.7,149.99,149.68,149.8,10547
2026-02-24 14:00:00,149.8,150.15,149.8,149.9,26798
2026-02-24 14:15:00,149.9,150.0,149.59,149.79,20110
2026-02-24 14:30:00,149.79,150.0,149.61,149.87,19892
2026-02-24 14:45:00,149.87,150.18,149.82,149.96,34711
2026-02-24 15:00:00,149.96,150.15,149.7,149.89,54985
2026-02-24 15:15:00,149.89,149.96,148.03,148.12,94181
2026-02-25 09:15:00,149.78,149.78,148.12,148.35,21436
2026-02-25 09:30:00,148.35,148.43,148.02,148.23,8388
2026-02-25 09:45:00,148.23,149.48,148.23,149.2,11865
2026-02-25 10:00:00,149.2,149.32,148.8,148.86,6228
2026-02-25 10:15:00,148.86,149.6,148.86,149.29,10541
2026-02-25 10:30:00,149.29,149.39,148.91,149.01,3571
2026-02-25 10:45:00,149.01,149.35,148.95,149.16,6611
2026-02-25 11:00:00,149.16,149.5,149.16,149.22,9863
2026-02-25 11:15:00,149.22,149.45,149.0,149.17,13406
2026-02-25 11:30:00,149.17,150.26,149.08,150.0,18758
2026-02-25 11:45:00,150.0,150.25,149.76,149.9,14706
2026-02-25 12:00:00,149.9,150.36,149.9,150.07,7249
2026-02-25 12:15:00,150.07,150.21,150.0,150.0,2782
2026-02-25 12:30:00,150.0,150.1,149.77,149.86,5870
2026-02-25 12:45:00,149.86,150.15,149.86,150.01,14150
2026-02-25 13:00:00,150.01,150.47,149.92,150.06,17844
2026-02-25 13:15:00,150.06,151.98,150.06,150.71,90931
2026-02-25 13:30:00,150.71,150.8,150.0,150.0,39167
2026-02-25 13:45:00,150.0,150.14,149.91,150.04,6640
2026-02-25 14:00:00,150.04,150.57,150.04,150.17,17303
2026-02-25 14:15:00,150.17,150.23,149.99,150.0,11136
2026-02-25 14:30:00,150.0,150.07,149.85,150.05,6862
2026-02-25 14:45:00,150.05,150.34,149.87,149.95,8935
2026-02-25 15:00:00,150.0,150.42,149.86,150.01,32685
2026-02-25 15:15:00,150.01,151.0,149.37,150.0,39725
2026-02-26 09:15:00,151.7,151.7,149.2,149.99,65479
2026-02-26 09:30:00,149.9,149.99,149.11,149.5,21734
2026-02-26 09:45:00,149.5,149.89,148.61,148.63,21092
2026-02-26 10:00:00,148.7,149.15,148.34,148.55,16140
2026-02-26 10:15:00,148.55,148.55,147.5,147.6,57628
2026-02-26 10:30:00,147.6,147.99,147.6,147.94,13281
2026-02-26 10:45:00,147.94,148.16,147.5,147.52,20845
2026-02-26 11:00:00,147.52,148.14,147.52,147.71,14012
2026-02-26 11:15:00,147.71,147.83,147.46,147.68,14496
2026-02-26 11:30:00,147.61,147.78,146.41,146.64,46275
2026-02-26 11:45:00,146.6,146.76,146.4,146.62,6685
2026-02-26 12:00:00,146.62,147.02,146.62,146.93,6968
2026-02-26 12:15:00,146.93,147.05,146.6,146.74,11197
2026-02-26 12:30:00,146.74,146.81,146.4,146.44,12919
2026-02-26 12:45:00,146.43,146.54,145.01,145.74,48230
2026-02-26 13:00:00,145.89,147.38,145.89,146.72,36665
2026-02-26 13:15:00,146.72,146.72,145.68,146.13,28026
2026-02-26 13:30:00,146.13,146.3,145.98,146.07,17707
2026-02-26 13:45:00,146.07,146.2,145.6,145.79,5775
2026-02-26 14:00:00,145.79,146.5,145.6,146.37,11638
2026-02-26 14:15:00,146.37,146.52,146.09,146.26,8251
2026-02-26 14:30:00,146.26,146.75,146.02,146.65,19809
2026-02-26 14:45:00,146.65,146.8,146.25,146.28,11517
2026-02-26 15:00:00,146.28,147.04,146.06,146.9,192537
2026-02-26 15:15:00,146.83,147.0,145.52,146.56,56760
2026-02-27 09:15:00,145.1,146.57,142.01,142.25,163748
2026-02-27 09:30:00,142.25,144.21,142.25,143.08,64118
2026-02-27 09:45:00,143.1,144.36,143.1,144.2,26709
2026-02-27 10:00:00,144.2,144.53,143.73,144.28,20654
2026-02-27 10:15:00,144.21,144.21,143.33,143.64,9398
2026-02-27 10:30:00,143.64,143.83,143.03,143.16,11224
2026-02-27 10:45:00,143.22,143.89,143.0,143.53,26699
2026-02-27 11:00:00,143.53,144.38,143.42,144.28,17737
2026-02-27 11:15:00,144.28,144.4,144.01,144.29,11404
2026-02-27 11:30:00,144.29,144.49,144.06,144.44,16928
2026-02-27 11:45:00,144.44,144.49,144.18,144.42,7784
2026-02-27 12:00:00,144.42,144.42,144.06,144.31,16967
2026-02-27 12:15:00,144.31,144.44,144.13,144.2,13873
2026-02-27 12:30:00,144.2,144.4,144.12,144.28,9994
2026-02-27 12:45:00,144.28,144.45,144.14,144.42,21039
2026-02-27 13:00:00,144.42,144.42,144.18,144.31,12229
2026-02-27 13:15:00,144.31,144.92,144.2,144.67,19029
2026-02-27 13:30:00,144.67,145.97,144.64,145.97,58129
2026-02-27 13:45:00,145.97,147.85,145.51,146.36,201156
2026-02-27 14:00:00,146.36,146.9,146.21,146.41,42949
2026-02-27 14:15:00,146.41,146.45,145.84,145.92,17402
2026-02-27 14:30:00,145.92,146.49,145.54,146.36,73847
2026-02-27 14:45:00,146.36,146.49,145.96,146.42,21957
2026-02-27 15:00:00,146.54,147.35,140.8,142.7,2668756
2026-02-27 15:15:00,142.7,146.63,141.55,142.51,2760662
2026-03-02 09:15:00,136.45,139.5,135.0,139.1,136224
2026-03-02 09:30:00,139.1,141.26,139.1,140.9,40377
2026-03-02 09:45:00,140.9,141.7,140.7,141.34,29031
2026-03-02 10:00:00,141.36,141.36,140.34,140.98,14054
2026-03-02 10:15:00,140.98,141.8,140.25,141.79,17105
2026-03-02 10:30:00,141.79,141.79,140.12,140.43,16111
2026-03-02 10:45:00,140.43,141.35,140.1,141.14,15572
2026-03-02 11:00:00,141.14,141.5,140.9,141.37,14747
2026-03-02 11:15:00,141.3,141.63,141.0,141.55,17174
2026-03-02 11:30:00,141.55,141.8,141.29,141.43,18806
2026-03-02 11:45:00,141.43,141.71,141.11,141.26,14482
2026-03-02 12:00:00,141.26,141.8,141.19,141.3,14439
2026-03-02 12:15:00,141.3,141.35,141.0,141.21,15389
2026-03-02 12:30:00,141.25,141.42,141.03,141.15,8161
2026-03-02 12:45:00,141.15,141.7,141.09,141.6,12652
2026-03-02 13:00:00,141.6,142.66,141.48,142.37,52384
2026-03-02 13:15:00,142.47,142.79,141.9,142.61,76891
2026-03-02 13:30:00,142.61,142.75,142.3,142.6,10962
2026-03-02 13:45:00,142.6,143.1,142.5,142.99,57083
2026-03-02 14:00:00,142.99,143.62,142.75,143.1,72418
2026-03-02 14:15:00,143.1,143.26,142.55,142.63,29259
2026-03-02 14:30:00,142.62,142.63,142.1,142.45,9297
2026-03-02 14:45:00,142.45,143.17,141.94,142.94,52631
2026-03-02 15:00:00,143.0,143.69,142.9,143.31,68276
2026-03-02 15:15:00,143.31,144.79,143.0,143.0,81861
2026-03-04 09:15:00,140.56,141.61,139.6,139.64,47566
2026-03-04 09:30:00,139.64,140.08,139.3,139.89,33062
2026-03-04 09:45:00,139.89,140.05,138.89,139.31,29453
2026-03-04 10:00:00,139.4,139.78,139.12,139.56,15996
2026-03-04 10:15:00,139.72,140.06,138.91,139.87,27046
2026-03-04 10:30:00,139.87,139.88,139.16,139.22,18102
2026-03-04 10:45:00,139.22,140.04,139.07,139.96,44389
2026-03-04 11:00:00,139.96,140.0,139.69,139.93,9565
2026-03-04 11:15:00,139.85,140.7,139.74,140.0,30038
2026-03-04 11:30:00,140.0,141.6,140.0,141.09,31410
2026-03-04 11:45:00,141.09,141.4,140.74,141.0,114181
2026-03-04 12:00:00,141.0,141.4,141.0,141.13,3737
2026-03-04 12:15:00,141.13,141.32,141.0,141.0,16781
2026-03-04 12:30:00,141.0,141.12,141.0,141.1,18065
2026-03-04 12:45:00,141.1,141.19,140.92,141.05,69041
2026-03-04 13:00:00,141.05,141.2,141.0,141.07,4545
2026-03-04 13:15:00,141.07,141.25,141.0,141.03,12571
2026-03-04 13:30:00,141.03,141.4,141.0,141.13,8786
2026-03-04 13:45:00,141.13,141.5,141.0,141.23,11894
2026-03-04 14:00:00,141.0,142.39,141.0,142.24,12732
2026-03-04 14:15:00,142.24,142.49,141.35,141.59,20315
2026-03-04 14:30:00,141.59,143.65,141.1,143.13,93879
2026-03-04 14:45:00,143.14,143.29,142.49,143.21,114787
2026-03-04 15:00:00,143.2,143.3,143.1,143.24,51323
2026-03-04 15:15:00,143.22,143.74,143.1,143.5,106609
2026-03-05 09:15:00,143.28,145.08,143.28,144.74,35019
2026-03-05 09:30:00,144.74,144.74,143.8,144.19,8942
2026-03-05 09:45:00,144.19,145.0,143.97,144.27,19819
2026-03-05 10:00:00,144.27,144.54,143.0,144.07,42443
2026-03-05 10:15:00,144.07,144.49,143.72,144.13,11304
2026-03-05 10:30:00,144.13,144.41,144.01,144.04,4925
2026-03-05 10:45:00,144.04,144.26,143.47,144.16,21155
2026-03-05 11:00:00,144.16,145.26,144.1,145.13,35860
2026-03-05 11:15:00,145.13,145.5,144.12,144.25,27598
2026-03-05 11:30:00,144.25,144.9,144.1,144.17,17689
2026-03-05 11:45:00,144.17,144.21,143.61,143.72,9359
2026-03-05 12:00:00,143.72,143.72,143.0,143.46,33510
2026-03-05 12:15:00,143.46,143.65,143.17,143.32,5764
2026-03-05 12:30:00,143.32,144.41,143.26,144.36,22341
2026-03-05 12:45:00,144.39,144.67,144.14,144.24,6939
2026-03-05 13:00:00,144.24,144.24,144.02,144.1,6299
2026-03-05 13:15:00,144.1,144.1,143.4,143.85,6521
2026-03-05 13:30:00,143.85,143.85,143.42,143.44,1358
2026-03-05 13:45:00,143.44,143.53,142.62,143.52,31016
2026-03-05 14:00:00,143.52,143.55,143.34,143.52,2423
2026-03-05 14:15:00,143.52,143.55,143.02,143.19,6377
2026-03-05 14:30:00,143.03,144.27,143.03,144.16,12620
2026-03-05 14:45:00,144.16,144.33,143.11,143.64,36065
2026-03-05 15:00:00,143.64,144.18,143.37,143.97,28636
2026-03-05 15:15:00,143.97,145.38,143.51,144.88,78500
2026-03-06 09:15:00,144.9,144.9,143.5,143.8,23103
2026-03-06 09:30:00,143.8,145.57,143.8,144.96,40031
2026-03-06 09:45:00,144.96,145.74,144.9,145.5,13998
2026-03-06 10:00:00,145.5,145.9,145.17,145.73,17016
2026-03-06 10:15:00,145.73,146.04,145.02,145.47,12539
2026-03-06 10:30:00,145.47,145.63,144.96,145.4,543628
2026-03-06 10:45:00,145.4,145.42,144.57,145.12,25193
2026-03-06 11:00:00,145.12,145.47,145.01,145.22,9100
2026-03-06 11:15:00,145.22,145.59,145.06,145.33,6958
2026-03-06 11:30:00,145.33,145.88,145.11,145.32,18570
2026-03-06 11:45:00,145.32,146.29,145.12,145.96,470695
2026-03-06 12:00:00,145.96,146.13,145.4,146.02,10944
2026-03-06 12:15:00,146.02,146.02,145.25,145.31,12121
2026-03-06 12:30:00,145.31,145.98,145.17,145.85,4044
2026-03-06 12:45:00,145.98,146.02,145.57,145.76,9259
2026-03-06 13:00:00,145.9,146.04,145.56,145.63,6535
2026-03-06 13:15:00,145.6,146.18,145.57,146.11,6323
2026-03-06 13:30:00,146.11,146.66,145.79,146.3,26808
2026-03-06 13:45:00,146.3,146.43,145.99,146.23,10183
2026-03-06 14:00:00,146.39,146.55,146.07,146.55,4963
2026-03-06 14:15:00,146.55,146.74,146.09,146.25,7955
2026-03-06 14:30:00,146.25,146.59,146.0,146.0,6962
2026-03-06 14:45:00,146.0,146.24,146.0,146.08,10611
2026-03-06 15:00:00,146.08,146.08,145.41,145.58,57364
2026-03-06 15:15:00,145.55,146.68,145.55,145.8,46406
2026-03-09 09:15:00,142.0,145.02,140.35,142.52,37741
2026-03-09 09:30:00,142.52,143.87,142.28,143.4,15114
2026-03-09 09:45:00,143.4,143.4,142.9,143.03,7370
2026-03-09 10:00:00,143.03,143.31,142.73,143.06,3868
2026-03-09 10:15:00,143.08,143.08,142.52,142.64,6617
2026-03-09 10:30:00,142.64,144.47,142.11,144.21,25811
2026-03-09 10:45:00,144.21,144.73,143.67,144.02,24708
2026-03-09 11:00:00,144.02,144.2,143.21,143.74,13997
2026-03-09 11:15:00,143.81,144.0,143.23,143.89,11697
2026-03-09 11:30:00,143.91,144.38,143.65,144.16,9722
2026-03-09 11:45:00,144.16,144.8,143.99,144.72,9614
2026-03-09 12:00:00,144.72,144.74,144.15,144.36,10441
2026-03-09 12:15:00,144.24,144.6,144.05,144.34,10394
2026-03-09 12:30:00,144.49,145.45,144.38,145.07,46757
2026-03-09 12:45:00,145.07,147.62,144.95,147.28,152769
2026-03-09 13:00:00,147.28,147.43,146.11,146.15,24748
2026-03-09 13:15:00,146.15,147.26,145.7,146.99,41372
2026-03-09 13:30:00,146.9,147.26,146.37,146.85,22683
2026-03-09 13:45:00,146.85,147.0,146.26,146.49,13291
2026-03-09 14:00:00,146.38,146.5,146.25,146.4,13130
2026-03-09 14:15:00,146.4,146.5,146.18,146.5,8283
2026-03-09 14:30:00,146.5,146.5,145.9,146.09,32708
2026-03-09 14:45:00,145.98,146.35,145.98,146.16,25870
2026-03-09 15:00:00,146.24,146.35,145.62,146.24,45540
2026-03-09 15:15:00,146.24,146.24,144.96,145.6,72795
2026-03-10 09:15:00,145.02,146.89,144.05,144.75,42710
2026-03-10 09:30:00,144.76,144.89,144.12,144.51,10205
2026-03-10 09:45:00,144.51,144.95,144.11,144.36,19256
2026-03-10 10:00:00,144.36,144.59,144.22,144.35,2358
2026-03-10 10:15:00,144.35,144.59,144.2,144.31,8608
2026-03-10 10:30:00,144.31,144.61,144.12,144.55,6673
2026-03-10 10:45:00,144.55,145.21,144.28,144.33,41398
2026-03-10 11:00:00,144.33,146.5,144.31,146.17,90662
2026-03-10 11:15:00,146.23,146.9,146.13,146.9,23977
2026-03-10 11:30:00,146.74,147.96,146.74,147.52,42077
2026-03-10 11:45:00,147.5,147.98,147.46,147.8,26661
2026-03-10 12:00:00,147.8,148.1,147.7,147.85,19195
2026-03-10 12:15:00,147.85,148.4,147.8,148.29,19457
2026-03-10 12:30:00,148.22,148.48,147.84,148.07,32125
2026-03-10 12:45:00,148.07,148.12,147.76,148.06,12029
2026-03-10 13:00:00,148.07,148.24,147.64,147.71,148910
2026-03-10 13:15:00,147.71,148.06,147.54,147.55,22644
2026-03-10 13:30:00,147.64,148.1,147.6,147.98,16300
2026-03-10 13:45:00,147.98,148.05,147.71,147.82,21520
2026-03-10 14:00:00,147.87,147.88,147.37,147.69,20167
2026-03-10 14:15:00,147.69,148.05,147.62,147.89,30652
2026-03-10 14:30:00,147.94,148.17,147.83,148.07,38455
2026-03-10 14:45:00,148.14,148.5,147.71,147.71,41896
2026-03-10 15:00:00,147.74,147.8,147.51,147.68,46645
2026-03-10 15:15:00,147.68,148.1,147.3,148.0,67035
2026-03-11 09:15:00,146.75,150.59,146.75,150.59,33311
2026-03-11 09:30:00,150.59,151.08,149.62,150.92,413981
2026-03-11 09:45:00,150.92,151.45,150.71,151.0,138101
2026-03-11 10:00:00,151.0,151.25,150.81,151.01,8746
2026-03-11 10:15:00,151.02,151.59,151.0,151.21,37033
2026-03-11 10:30:00,151.25,151.5,151.1,151.11,7539
2026-03-11 10:45:00,151.11,151.4,151.0,151.3,14462
2026-03-11 11:00:00,151.3,151.38,150.8,150.89,20151
2026-03-11 11:15:00,150.89,151.05,150.45,150.81,16454
2026-03-11 11:30:00,150.81,150.9,149.89,150.54,74311
2026-03-11 11:45:00,150.54,151.03,150.08,150.14,57493
2026-03-11 12:00:00,150.12,150.32,149.75,149.99,21740
2026-03-11 12:15:00,149.99,149.99,149.63,149.75,1367
2026-03-11 12:30:00,149.7,150.14,149.61,149.92,25536
2026-03-11 12:45:00,149.92,149.99,149.71,149.83,3374
2026-03-11 13:00:00,149.83,150.03,149.74,149.83,3838
2026-03-11 13:15:00,149.83,150.0,149.75,150.0,695
2026-03-11 13:30:00,150.0,150.06,149.56,149.92,8303
2026-03-11 13:45:00,149.92,150.19,149.25,149.25,13758
2026-03-11 14:00:00,149.16,149.2,148.94,149.02,11483
2026-03-11 14:15:00,149.09,150.19,149.02,149.37,28897
2026-03-11 14:30:00,149.37,149.61,148.25,148.55,10864
2026-03-11 14:45:00,148.55,149.18,148.31,149.08,266002
2026-03-11 15:00:00,149.08,149.51,148.85,148.99,45169
2026-03-11 15:15:00,148.99,149.18,147.2,147.39,45574
2026-03-12 09:15:00,148.63,148.63,145.45,146.35,834646
2026-03-12 09:30:00,146.35,147.19,146.0,146.7,11281
2026-03-12 09:45:00,146.7,147.57,146.67,147.4,17657
2026-03-12 10:00:00,147.4,147.44,146.49,146.55,37129
2026-03-12 10:15:00,146.56,146.56,145.36,145.4,10001
2026-03-12 10:30:00,145.4,146.27,145.4,145.72,13635
2026-03-12 10:45:00,145.72,146.08,145.5,145.77,16704
2026-03-12 11:00:00,145.77,145.98,145.61,145.74,1775
2026-03-12 11:15:00,145.74,146.18,145.05,146.18,16571
2026-03-12 11:30:00,146.18,146.62,146.18,146.49,2106
2026-03-12 11:45:00,146.49,146.84,146.3,146.82,3627
2026-03-12 12:00:00,146.82,146.87,146.5,146.68,1290
2026-03-12 12:15:00,146.66,146.8,146.6,146.65,809
2026-03-12 12:30:00,146.65,147.4,146.65,147.07,6345
2026-03-12 12:45:00,147.07,147.11,146.67,146.76,1244
2026-03-12 13:00:00,146.76,146.9,146.39,146.75,4621
2026-03-12 13:15:00,146.75,146.88,146.5,146.62,6376
2026-03-12 13:30:00,146.62,147.4,146.62,146.96,14414
2026-03-12 13:45:00,146.96,147.22,146.96,147.0,4269
2026-03-12 14:00:00,147.0,147.21,146.58,146.8,12277
2026-03-12 14:15:00,146.8,146.99,146.74,146.86,2403
2026-03-12 14:30:00,146.86,146.92,145.76,145.76,24377
2026-03-12 14:45:00,145.76,146.5,145.75,146.12,10017
2026-03-12 15:00:00,146.1,146.61,145.78,146.11,37631
2026-03-12 15:15:00,146.11,146.11,144.5,144.5,59047
2026-03-13 09:15:00,145.0,145.4,144.4,145.35,18213
2026-03-13 09:30:00,145.35,145.83,144.92,145.05,10101
2026-03-13 09:45:00,145.2,145.2,144.1,144.1,26500
2026-03-13 10:00:00,144.1,144.67,144.0,144.51,13796
2026-03-13 10:15:00,144.51,144.99,144.3,144.66,11483
2026-03-13 10:30:00,144.67,144.84,144.5,144.62,2737
2026-03-13 10:45:00,144.62,145.03,144.5,144.85,3661
2026-03-13 11:00:00,144.85,144.85,144.5,144.68,5067
2026-03-13 11:15:00,144.68,144.95,144.5,144.88,3223
2026-03-13 11:30:00,144.88,144.93,144.73,144.85,1184
2026-03-13 11:45:00,144.85,144.97,144.64,144.64,1054
2026-03-13 12:00:00,144.64,144.88,143.5,143.5,10023
2026-03-13 12:15:00,143.5,143.59,142.6,142.8,13585
2026-03-13 12:30:00,142.8,142.9,142.7,142.81,2420
2026-03-13 12:45:00,142.81,142.81,141.83,141.97,16419
2026-03-13 13:00:00,141.97,142.11,141.68,141.68,4446
2026-03-13 13:15:00,141.68,141.84,141.03,141.11,4254
2026-03-13 13:30:00,141.11,141.24,140.94,141.15,4380
2026-03-13 13:45:00,141.15,141.25,140.77,140.86,8338
2026-03-13 14:00:00,140.86,141.04,140.71,140.82,9519
2026-03-13 14:15:00,140.85,141.0,140.77,140.79,17762
2026-03-13 14:30:00,140.79,140.91,140.1,140.15,10374
2026-03-13 14:45:00,140.15,140.6,140.1,140.27,11325
2026-03-13 15:00:00,140.26,140.75,140.06,140.17,26197
2026-03-13 15:15:00,140.17,140.66,138.7,140.6,41038
2026-03-16 09:15:00,140.3,142.91,138.8,139.75,36396
2026-03-16 09:30:00,139.75,142.0,139.75,141.52,19618
2026-03-16 09:45:00,141.52,141.97,141.3,141.85,14773
2026-03-16 10:00:00,141.85,142.94,139.66,139.67,73034
2026-03-16 10:15:00,139.67,139.82,139.21,139.23,11677
2026-03-16 10:30:00,139.28,140.0,139.09,139.73,20246
2026-03-16 10:45:00,139.6,139.74,138.9,139.64,10931
2026-03-16 11:00:00,139.64,140.0,139.32,139.47,7759
2026-03-16 11:15:00,139.32,139.87,139.25,139.46,8794
2026-03-16 11:30:00,139.46,139.95,139.4,139.94,9422
2026-03-16 11:45:00,139.94,141.8,139.9,141.68,17869
2026-03-16 12:00:00,141.7,142.5,140.0,140.0,28089
2026-03-16 12:15:00,140.0,140.24,139.75,139.91,5266
2026-03-16 12:30:00,139.95,143.19,139.7,142.87,64571
2026-03-16 12:45:00,142.83,143.4,142.5,142.93,28069
2026-03-16 13:00:00,142.93,143.27,141.89,141.94,16487
2026-03-16 13:15:00,141.83,141.83,141.0,141.1,17218
2026-03-16 13:30:00,141.1,143.44,141.0,143.16,28662
2026-03-16 13:45:00,143.16,145.69,143.01,145.17,97743
2026-03-16 14:00:00,145.02,145.2,142.87,144.25,119337
2026-03-16 14:15:00,144.2,146.29,144.18,145.44,91770
2026-03-16 14:30:00,145.59,148.43,144.73,148.43,160893
2026-03-16 14:45:00,148.43,149.63,145.41,145.64,235867
2026-03-16 15:00:00,145.64,147.83,145.05,145.05,351234
2026-03-16 15:15:00,145.05,145.49,143.11,143.5,86226
2026-03-17 09:15:00,145.45,147.08,144.75,144.99,46537
2026-03-17 09:30:00,144.99,145.58,144.98,145.17,16939
2026-03-17 09:45:00,145.17,145.2,144.65,144.75,212338
2026-03-17 10:00:00,144.75,145.08,144.75,144.92,8826
2026-03-17 10:15:00,144.92,145.05,144.8,144.82,9049
2026-03-17 10:30:00,144.82,144.9,144.58,144.77,3890
2026-03-17 10:45:00,144.77,145.2,144.77,145.11,5225
2026-03-17 11:00:00,145.24,145.24,144.88,145.19,3066
2026-03-17 11:15:00,145.19,145.19,144.93,144.94,4008
2026-03-17 11:30:00,144.94,145.15,144.82,144.83,3508
2026-03-17 11:45:00,144.83,144.98,144.69,144.91,2107
2026-03-17 12:00:00,144.91,145.09,144.91,145.05,5103
2026-03-17 12:15:00,145.05,145.05,144.88,144.95,2209
2026-03-17 12:30:00,144.95,145.11,144.95,145.04,1405
2026-03-17 12:45:00,145.04,145.35,145.0,145.01,2938
2026-03-17 13:00:00,145.01,145.08,144.9,145.0,1401
2026-03-17 13:15:00,144.91,145.17,144.86,145.0,2203
2026-03-17 13:30:00,145.0,145.15,144.8,144.94,5728
2026-03-17 13:45:00,144.94,145.19,144.89,145.0,2986
2026-03-17 14:00:00,145.0,148.4,145.0,147.14,131689
2026-03-17 14:15:00,147.09,148.84,146.72,148.68,50778
2026-03-17 14:30:00,148.59,148.75,144.12,146.89,139357
2026-03-17 14:45:00,146.81,147.45,146.69,147.35,25376
2026-03-17 15:00:00,147.39,148.17,147.05,147.62,24539
2026-03-17 15:15:00,147.6,149.15,146.39,147.0,52674
2026-03-18 09:15:00,148.0,149.98,147.96,148.0,36800
2026-03-18 09:30:00,148.0,148.2,147.86,147.99,28003
2026-03-18 09:45:00,147.99,149.29,147.94,148.78,11291
2026-03-18 10:00:00,148.78,148.83,148.24,148.66,16424
2026-03-18 10:15:00,148.66,148.79,148.09,148.09,6159
2026-03-18 10:30:00,148.05,148.32,148.05,148.09,5189
2026-03-18 10:45:00,148.09,148.2,147.8,147.99,12890
2026-03-18 11:00:00,147.99,148.01,147.63,147.71,18205
2026-03-18 11:15:00,147.71,147.94,147.1,147.13,10906
2026-03-18 11:30:00,147.13,147.2,146.77,147.08,8518
2026-03-18 11:45:00,147.08,147.08,146.8,146.88,6092
2026-03-18 12:00:00,146.88,147.08,146.88,147.03,10967
2026-03-18 12:15:00,147.03,147.5,146.99,147.0,12668
2026-03-18 12:30:00,146.99,148.35,146.99,147.75,35999
2026-03-18 12:45:00,147.75,148.0,147.75,147.87,4508
2026-03-18 13:00:00,147.87,147.95,147.54,147.93,6004
2026-03-18 13:15:00,147.93,147.93,147.64,147.64,6900
2026-03-18 13:30:00,147.64,147.74,147.63,147.7,3130
2026-03-18 13:45:00,147.7,147.88,147.7,147.71,5451
2026-03-18 14:00:00,147.71,147.97,147.46,147.78,8689
2026-03-18 14:15:00,147.78,147.92,147.64,147.64,2112
2026-03-18 14:30:00,147.64,147.65,147.28,147.38,9122
2026-03-18 14:45:00,147.38,147.94,147.36,147.93,4552
2026-03-18 15:00:00,147.82,147.83,147.46,147.48,9458
2026-03-18 15:15:00,147.48,147.59,146.95,147.49,51371
2026-03-19 09:15:00,144.5,146.45,144.5,146.01,15937
2026-03-19 09:30:00,146.01,146.22,144.82,145.05,36964
2026-03-19 09:45:00,145.05,145.34,144.65,144.65,16205
2026-03-19 10:00:00,144.65,145.57,144.65,145.49,20504
2026-03-19 10:15:00,145.49,145.49,144.9,145.0,136939
2026-03-19 10:30:00,144.99,146.2,144.9,145.82,111282
2026-03-19 10:45:00,145.83,145.99,145.44,145.44,4064
2026-03-19 11:00:00,145.44,145.44,145.21,145.32,2544
2026-03-19 11:15:00,145.32,145.87,145.25,145.68,8196
2026-03-19 11:30:00,145.68,146.05,145.68,145.93,3291
2026-03-19 11:45:00,145.93,146.06,145.8,145.8,4752
2026-03-19 12:00:00,145.8,145.9,145.73,145.77,895
2026-03-19 12:15:00,145.77,145.88,145.5,145.72,3241
2026-03-19 12:30:00,145.72,145.89,145.72,145.72,2101
2026-03-19 12:45:00,145.72,146.08,145.7,145.7,5334
2026-03-19 13:00:00,145.7,145.78,145.26,145.38,2806
2026-03-19 13:15:00,145.38,145.38,145.24,145.25,2959
2026-03-19 13:30:00,145.25,145.48,145.19,145.45,1557
2026-03-19 13:45:00,145.45,145.63,145.38,145.39,1101
2026-03-19 14:00:00,145.39,145.46,145.0,145.12,6513
2026-03-19 14:15:00,145.12,145.34,145.06,145.14,3335
2026-03-19 14:30:00,145.14,145.27,145.05,145.06,2267
2026-03-19 14:45:00,145.06,145.14,143.31,143.5,48695
2026-03-19 15:00:00,143.5,144.41,142.94,144.32,21706
2026-03-19 15:15:00,144.32,145.63,143.82,144.99,51668
2026-03-20 09:15:00,144.39,146.76,144.25,145.56,54679
2026-03-20 09:30:00,145.53,145.6,144.65,144.68,16919
2026-03-20 09:45:00,144.68,145.0,144.65,144.65,6613
2026-03-20 10:00:00,144.65,145.58,144.65,144.9,9407
2026-03-20 10:15:00,144.9,144.94,144.71,144.93,2998
2026-03-20 10:30:00,144.93,145.8,144.85,145.4,4972
2026-03-20 10:45:00,145.4,145.63,145.31,145.54,4914
2026-03-20 11:00:00,145.54,145.69,145.16,145.34,2807
2026-03-20 11:15:00,145.3,145.87,145.28,145.77,6155
2026-03-20 11:30:00,145.74,145.88,145.31,145.32,11275
2026-03-20 11:45:00,145.32,145.32,144.65,144.9,14496
2026-03-20 12:00:00,145.11,145.35,144.68,145.21,11514
2026-03-20 12:15:00,145.21,145.27,145.0,145.11,8867
2026-03-20 12:30:00,145.1,145.47,145.0,145.37,4321
2026-03-20 12:45:00,145.37,145.38,145.05,145.25,3163
2026-03-20 13:00:00,145.25,145.39,145.0,145.02,2396
2026-03-20 13:15:00,145.02,145.32,145.02,145.11,3335
2026-03-20 13:30:00,145.11,145.44,145.11,145.18,1754
2026-03-20 13:45:00,145.18,145.29,145.14,145.14,1850
2026-03-20 14:00:00,145.14,145.48,145.14,145.17,6591
2026-03-20 14:15:00,145.18,145.28,145.0,145.06,1167
2026-03-20 14:30:00,145.06,145.2,145.0,145.2,2461
2026-03-20 14:45:00,145.2,145.46,145.05,145.21,7858
2026-03-20 15:00:00,145.21,145.86,145.09,145.57,32225
2026-03-20 15:15:00,145.57,146.5,144.97,145.1,31777
2026-03-23 09:15:00,145.02,145.15,141.6,141.79,58107
2026-03-23 09:30:00,141.71,141.99,141.02,141.53,24946
2026-03-23 09:45:00,141.53,142.06,140.5,140.95,36130
2026-03-23 10:00:00,140.95,141.33,140.66,140.78,41998
2026-03-23 10:15:00,140.78,141.0,140.4,140.4,12188
2026-03-23 10:30:00,140.45,141.23,140.0,141.23,27282
2026-03-23 10:45:00,141.23,141.49,141.12,141.23,15931
2026-03-23 11:00:00,141.23,141.98,140.61,141.27,13843
2026-03-23 11:15:00,141.27,141.75,141.27,141.4,8554
2026-03-23 11:30:00,141.4,141.78,141.29,141.57,4296
2026-03-23 11:45:00,141.57,142.22,141.5,141.63,6417
2026-03-23 12:00:00,141.63,141.89,141.12,141.49,5764
2026-03-23 12:15:00,141.49,141.58,140.96,141.13,4008
2026-03-23 12:30:00,141.25,141.45,141.22,141.24,3031
2026-03-23 12:45:00,141.24,141.43,141.01,141.18,4806
2026-03-23 13:00:00,141.18,141.2,140.88,140.88,3387
2026-03-23 13:15:00,140.88,141.0,140.88,141.0,3543
2026-03-23 13:30:00,141.0,141.23,140.73,141.11,6764
2026-03-23 13:45:00,141.11,141.72,141.05,141.72,5777
2026-03-23 14:00:00,141.72,142.25,141.67,141.91,5437
2026-03-23 14:15:00,141.91,142.29,141.57,141.67,6714
2026-03-23 14:30:00,141.67,141.67,141.06,141.34,2894
2026-03-23 14:45:00,141.34,141.63,141.18,141.44,3922
2026-03-23 15:00:00,141.44,141.74,140.03,141.51,49238
2026-03-23 15:15:00,141.51,141.8,140.05,140.7,51491
2026-03-24 09:15:00,142.49,144.0,142.2,143.78,36457
2026-03-24 09:30:00,143.78,143.91,140.99,141.05,59650
2026-03-24 09:45:00,141.05,142.0,140.0,141.34,50030
2026-03-24 10:00:00,141.13,141.48,139.82,140.86,18363
2026-03-24 10:15:00,140.86,140.92,140.28,140.6,6040
2026-03-24 10:30:00,140.6,140.83,139.92,140.5,10471
2026-03-24 10:45:00,140.5,141.67,140.4,140.95,11755
2026-03-24 11:00:00,140.54,140.8,140.1,140.25,22347
2026-03-24 11:15:00,140.25,140.35,139.77,139.95,23013
2026-03-24 11:30:00,139.95,140.7,139.92,140.53,24370
2026-03-24 11:45:00,140.53,141.52,140.53,141.22,12732
2026-03-24 12:00:00,141.29,141.64,141.02,141.2,26726
2026-03-24 12:15:00,141.2,141.62,140.98,141.61,8670
2026-03-24 12:30:00,141.61,141.66,141.31,141.47,16241
2026-03-24 12:45:00,141.47,143.45,141.43,142.56,52912
2026-03-24 13:00:00,142.56,142.88,142.35,142.64,24588
2026-03-24 13:15:00,142.64,142.89,142.48,142.73,4182
2026-03-24 13:30:00,142.73,143.42,142.72,143.22,13310
2026-03-24 13:45:00,143.22,143.29,142.77,142.78,15656
2026-03-24 14:00:00,142.78,143.27,142.67,142.95,9962
2026-03-24 14:15:00,142.83,143.07,142.5,142.6,11216
2026-03-24 14:30:00,142.62,142.94,142.14,142.37,15884
2026-03-24 14:45:00,142.37,145.11,141.83,144.6,66667
2026-03-24 15:00:00,144.6,144.95,144.3,144.55,35775
2026-03-24 15:15:00,144.53,145.0,143.9,144.9,44000
2026-03-25 09:15:00,143.05,145.33,143.04,144.0,36864
2026-03-25 09:30:00,144.0,144.93,143.31,143.84,30765
2026-03-25 09:45:00,143.84,144.21,143.51,143.61,8555
2026-03-25 10:00:00,143.61,144.43,143.16,144.43,24470
2026-03-25 10:15:00,144.43,144.54,143.7,143.91,16261
2026-03-25 10:30:00,143.91,144.39,143.85,144.1,7622
2026-03-25 10:45:00,144.1,145.27,144.06,144.46,39670
2026-03-25 11:00:00,144.46,145.11,144.34,144.62,19288
2026-03-25 11:15:00,144.79,144.85,144.06,144.21,12597
2026-03-25 11:30:00,144.21,144.87,144.05,144.25,10684
2026-03-25 11:45:00,144.25,144.89,144.25,144.45,6751
2026-03-25 12:00:00,144.44,144.78,144.1,144.16,8732
2026-03-25 12:15:00,144.16,144.32,143.99,144.12,18048
2026-03-25 12:30:00,144.12,144.47,144.02,144.2,10158
2026-03-25 12:45:00,144.2,144.27,144.03,144.11,12593
2026-03-25 13:00:00,144.11,144.22,143.4,143.75,93697
2026-03-25 13:15:00,143.75,143.9,143.7,143.7,92019
2026-03-25 13:30:00,143.7,143.88,143.65,143.79,16343
2026-03-25 13:45:00,143.66,143.77,143.38,143.5,48726
2026-03-25 14:00:00,143.5,143.77,143.5,143.65,39960
2026-03-25 14:15:00,143.65,143.67,142.25,142.3,57024
2026-03-25 14:30:00,142.3,142.71,142.11,142.29,20843
2026-03-25 14:45:00,142.29,142.66,142.19,142.25,8539
2026-03-25 15:00:00,142.2,142.8,141.01,142.0,92784
2026-03-25 15:15:00,142.0,142.0,140.1,140.2,77845
2026-03-27 09:15:00,140.6,140.6,138.41,139.96,130562
2026-03-27 09:30:00,140.02,140.98,139.3,139.48,49757
2026-03-27 09:45:00,139.48,141.63,139.1,141.43,44519
2026-03-27 10:00:00,141.43,141.58,140.2,140.9,48527
2026-03-27 10:15:00,140.66,141.34,140.5,140.61,35906
2026-03-27 10:30:00,140.61,140.86,139.95,140.5,49562
2026-03-27 10:45:00,140.5,141.03,140.17,140.8,11056
2026-03-27 11:00:00,140.68,140.85,140.2,140.2,7351
2026-03-27 11:15:00,140.2,140.68,139.76,140.45,12464
2026-03-27 11:30:00,140.45,141.24,140.45,140.78,15490
2026-03-27 11:45:00,140.78,140.78,139.53,139.85,42429
2026-03-27 12:00:00,139.85,140.25,139.36,139.43,30679
2026-03-27 12:15:00,139.43,139.66,139.1,139.1,6728
2026-03-27 12:30:00,139.1,140.79,139.07,140.71,36633
2026-03-27 12:45:00,140.71,140.95,140.38,140.66,12377
2026-03-27 13:00:00,140.62,140.95,140.5,140.61,16329
2026-03-27 13:15:00,140.61,140.91,140.36,140.65,9088
2026-03-27 13:30:00,140.65,141.09,140.35,140.5,13773
2026-03-27 13:45:00,140.5,140.92,140.5,140.59,8913
2026-03-27 14:00:00,140.59,141.53,140.52,141.44,22406
2026-03-27 14:15:00,141.44,141.58,140.0,140.0,33065
2026-03-27 14:30:00,140.0,140.73,139.85,140.45,63089
2026-03-27 14:45:00,140.48,142.08,140.23,141.36,121865
2026-03-27 15:00:00,141.36,145.74,134.72,142.39,1123742
2026-03-27 15:15:00,142.39,142.8,138.8,140.5,800852
2026-03-30 09:15:00,140.01,140.99,139.13,139.78,25192
2026-03-30 09:30:00,140.04,140.66,139.5,139.5,22425
2026-03-30 09:45:00,139.5,139.95,138.08,138.98,21856
2026-03-30 10:00:00,138.98,138.98,137.64,138.01,15174
2026-03-30 10:15:00,138.01,138.47,137.51,137.51,42705
2026-03-30 10:30:00,137.51,137.72,137.07,137.14,4530
2026-03-30 10:45:00,137.05,137.2,136.45,136.5,7327
2026-03-30 11:00:00,136.5,136.54,136.15,136.16,4340
2026-03-30 11:15:00,136.16,136.67,135.61,135.96,10527
2026-03-30 11:30:00,135.96,138.12,135.88,137.8,10966
2026-03-30 11:45:00,137.8,138.1,137.45,137.88,6228
2026-03-30 12:00:00,137.7,138.81,136.53,136.81,23216
2026-03-30 12:15:00,136.81,137.38,136.58,136.7,14919
2026-03-30 12:30:00,136.7,136.78,136.15,136.63,9048
2026-03-30 12:45:00,136.63,136.65,136.36,136.54,8037
2026-03-30 13:00:00,136.54,136.9,136.36,136.59,5507
2026-03-30 13:15:00,136.59,136.76,136.15,136.38,6250
2026-03-30 13:30:00,136.38,136.62,136.17,136.31,2477
2026-03-30 13:45:00,136.31,136.95,136.07,136.87,11918
2026-03-30 14:00:00,136.87,137.21,136.7,137.09,107647
2026-03-30 14:15:00,137.09,137.19,136.95,137.0,31151
2026-03-30 14:30:00,137.0,140.0,137.0,139.4,48885
2026-03-30 14:45:00,139.4,140.59,139.13,140.11,73271
2026-03-30 15:00:00,140.1,140.22,139.98,140.1,27051
2026-03-30 15:15:00,140.1,141.3,139.98,141.0,78841
2026-04-01 09:15:00,142.09,144.0,142.06,143.6,79388
2026-04-01 09:30:00,143.6,144.98,143.5,143.8,21854
2026-04-01 09:45:00,143.85,144.46,143.85,144.39,4165
2026-04-01 10:00:00,144.39,144.8,143.74,143.98,5602
2026-04-01 10:15:00,143.98,144.22,143.62,143.8,5516
2026-04-01 10:30:00,143.8,144.25,143.75,143.8,2985
2026-04-01 10:45:00,143.8,144.75,143.65,143.91,13928
2026-04-01 11:00:00,143.91,144.29,143.8,144.08,8712
2026-04-01 11:15:00,144.08,144.16,143.74,143.76,2889
2026-04-01 11:30:00,143.76,145.28,143.71,144.8,25428
2026-04-01 11:45:00,144.8,145.75,143.83,145.52,20177
2026-04-01 12:00:00,145.52,145.59,144.94,144.94,11096
2026-04-01 12:15:00,144.94,145.3,144.71,144.93,15084
2026-04-01 12:30:00,144.93,144.98,144.47,144.9,4700
2026-04-01 12:45:00,144.9,144.96,144.44,144.68,5618
2026-04-01 13:00:00,144.68,145.19,144.44,144.7,19581
2026-04-01 13:15:00,144.76,145.1,144.49,144.72,16545
2026-04-01 13:30:00,144.72,144.72,144.37,144.52,8782
2026-04-01 13:45:00,144.52,145.01,144.36,144.95,11781
2026-04-01 14:00:00,144.95,144.95,144.42,144.7,19423
2026-04-01 14:15:00,144.7,144.7,143.4,143.76,49228
2026-04-01 14:30:00,143.63,143.76,142.43,142.5,37847
2026-04-01 14:45:00,142.67,143.0,142.21,142.62,46505
2026-04-01 15:00:00,142.47,145.06,142.47,144.15,140005
2026-04-01 15:15:00,144.18,145.1,143.58,143.97,153903
2026-04-02 09:15:00,140.89,142.09,139.54,140.76,96208
2026-04-02 09:30:00,140.82,141.25,140.8,140.98,10861
2026-04-02 09:45:00,140.98,142.36,140.98,141.88,8299
2026-04-02 10:00:00,141.88,141.93,141.06,141.58,5683
2026-04-02 10:15:00,141.72,141.75,141.4,141.44,1471
2026-04-02 10:30:00,141.44,142.02,141.44,141.95,2654
2026-04-02 10:45:00,141.95,142.02,141.49,141.62,815
2026-04-02 11:00:00,141.62,141.74,141.12,141.26,4200
2026-04-02 11:15:00,141.26,142.6,141.26,142.47,34756
2026-04-02 11:30:00,142.47,142.88,142.47,142.5,1071
2026-04-02 11:45:00,142.5,142.59,142.41,142.44,2443
2026-04-02 12:00:00,142.6,143.22,142.31,143.03,36135
2026-04-02 12:15:00,143.03,143.78,143.03,143.66,7525
2026-04-02 12:30:00,143.66,144.06,143.36,143.52,6477
2026-04-02 12:45:00,143.52,143.52,143.22,143.47,922
2026-04-02 13:00:00,143.47,143.47,143.25,143.25,119
2026-04-02 13:15:00,143.25,143.5,143.18,143.26,814
2026-04-02 13:30:00,143.26,143.58,143.23,143.49,1257
2026-04-02 13:45:00,143.49,143.89,143.49,143.7,2022
2026-04-02 14:00:00,143.7,143.9,143.47,143.9,2093
2026-04-02 14:15:00,143.9,144.63,143.69,144.05,8944
2026-04-02 14:30:00,144.05,144.44,143.87,144.08,2655
2026-04-02 14:45:00,144.08,144.69,144.02,144.34,6202
2026-04-02 15:00:00,144.5,145.0,144.44,144.81,30842
2026-04-02 15:15:00,144.81,144.99,144.09,144.1,17909
2026-04-06 09:15:00,144.0,144.33,142.45,143.85,29870
2026-04-06 09:30:00,143.84,145.88,143.75,145.68,22665
2026-04-06 09:45:00,145.85,146.15,145.0,145.34,11710
2026-04-06 10:00:00,145.34,145.5,144.34,144.36,46661
2026-04-06 10:15:00,144.36,145.49,144.05,145.38,23302
2026-04-06 10:30:00,145.26,145.58,144.58,145.23,14267
2026-04-06 10:45:00,145.23,145.8,145.1,145.34,7632
2026-04-06 11:00:00,145.34,145.46,144.21,144.44,13955
2026-04-06 11:15:00,144.69,146.17,144.57,145.39,14478
2026-04-06 11:30:00,145.39,145.67,145.26,145.26,2976
2026-04-06 11:45:00,145.26,145.61,145.12,145.44,2038
2026-04-06 12:00:00,145.44,145.45,145.13,145.24,1415
2026-04-06 12:15:00,145.24,145.24,144.99,145.08,3876
2026-04-06 12:30:00,145.37,145.4,144.7,144.7,1277
2026-04-06 12:45:00,144.7,144.76,144.21,144.38,4242
2026-04-06 13:00:00,144.38,144.97,144.22,144.75,7215
2026-04-06 13:15:00,144.75,145.1,144.5,145.08,7638
2026-04-06 13:30:00,145.0,145.27,144.45,145.0,32486
2026-04-06 13:45:00,145.0,145.15,144.66,144.83,1540
2026-04-06 14:00:00,144.83,145.24,144.73,144.98,8351
2026-04-06 14:15:00,144.98,145.14,144.98,145.0,1852
2026-04-06 14:30:00,145.0,145.29,145.0,145.16,10835
2026-04-06 14:45:00,144.93,145.22,144.75,144.91,13964
2026-04-06 15:00:00,144.91,145.38,144.29,145.0,14674
2026-04-06 15:15:00,145.03,145.95,144.67,145.95,27903
2026-04-07 09:15:00,144.93,145.28,143.61,145.09,13301
2026-04-07 09:30:00,145.09,145.29,144.09,144.2,8466
2026-04-07 09:45:00,144.4,144.7,144.01,144.49,4802
2026-04-07 10:00:00,144.49,144.85,144.27,144.64,2762
2026-04-07 10:15:00,144.5,144.76,144.28,144.54,798
2026-04-07 10:30:00,144.54,144.86,144.3,144.71,2187
2026-04-07 10:45:00,144.88,145.0,144.05,144.11,2757
2026-04-07 11:00:00,144.11,144.32,143.7,143.85,1981
2026-04-07 11:15:00,143.85,144.92,143.85,144.92,5181
2026-04-07 11:30:00,144.75,144.75,144.22,144.29,701
2026-04-07 11:45:00,144.29,145.24,144.29,145.24,18873
2026-04-07 12:00:00,145.24,145.25,145.0,145.23,3295
2026-04-07 12:15:00,145.23,145.24,145.08,145.1,681
2026-04-07 12:30:00,145.1,145.64,145.04,145.28,5667
2026-04-07 12:45:00,145.28,145.29,145.04,145.25,2065
2026-04-07 13:00:00,145.25,145.25,144.91,144.91,1298
2026-04-07 13:15:00,144.91,144.91,144.75,144.8,1022
2026-04-07 13:30:00,144.8,145.6,144.78,145.26,7718
2026-04-07 13:45:00,145.26,145.37,145.0,145.0,2984
2026-04-07 14:00:00,145.0,145.49,145.0,145.18,1579
2026-04-07 14:15:00,145.18,145.31,145.18,145.28,683
2026-04-07 14:30:00,145.28,145.32,145.02,145.03,1313
2026-04-07 14:45:00,145.03,145.38,145.03,145.3,2356
2026-04-07 15:00:00,145.3,145.49,145.3,145.45,3827
2026-04-07 15:15:00,145.45,145.45,143.7,144.78,19952
2026-04-08 09:15:00,146.9,149.0,145.97,146.39,49977
2026-04-08 09:30:00,146.39,147.05,146.24,146.6,18468
2026-04-08 09:45:00,146.6,147.15,146.52,146.92,7382
2026-04-08 10:00:00,146.92,146.92,146.25,146.56,3723
2026-04-08 10:15:00,146.62,146.7,145.45,145.86,13197
2026-04-08 10:30:00,145.86,146.3,145.76,146.14,4842
2026-04-08 10:45:00,146.14,146.23,145.74,145.74,5225
2026-04-08 11:00:00,145.74,146.12,145.74,145.75,6925
2026-04-08 11:15:00,145.75,145.83,145.55,145.56,3354
2026-04-08 11:30:00,145.56,147.44,145.5,145.78,52711
2026-04-08 11:45:00,145.71,146.05,145.06,145.3,21396
2026-04-08 12:00:00,145.35,145.38,145.26,145.35,2829
2026-04-08 12:15:00,145.35,145.52,145.35,145.42,2625
2026-04-08 12:30:00,145.42,145.53,145.35,145.44,2809
2026-04-08 12:45:00,145.44,145.6,145.35,145.4,2645
2026-04-08 13:00:00,145.4,145.65,145.38,145.57,2595
2026-04-08 13:15:00,145.57,146.51,145.57,146.36,1492719
2026-04-08 13:30:00,146.36,146.9,146.23,146.78,24067
2026-04-08 13:45:00,146.78,148.0,146.5,146.73,32637
2026-04-08 14:00:00,146.76,147.1,146.62,146.76,3913
2026-04-08 14:15:00,146.76,147.69,146.58,146.95,11354
2026-04-08 14:30:00,147.0,147.0,146.38,146.51,14709
2026-04-08 14:45:00,146.51,146.74,146.15,146.15,9880
2026-04-08 15:00:00,146.26,146.32,145.59,146.15,12735
2026-04-08 15:15:00,146.15,147.9,146.02,146.5,25307
2026-04-09 09:15:00,145.55,146.2,144.4,145.1,29478
2026-04-09 09:30:00,145.29,145.64,144.64,145.08,27120
2026-04-09 09:45:00,145.08,145.25,144.6,145.09,16443
2026-04-09 10:00:00,145.09,145.39,145.01,145.23,3672
2026-04-09 10:15:00,145.23,146.99,145.23,146.6,30206
2026-04-09 10:30:00,146.6,146.89,146.5,146.8,17596
2026-04-09 10:45:00,146.8,147.1,146.72,146.8,19117
2026-04-09 11:00:00,146.8,146.96,146.76,146.92,3418
2026-04-09 11:15:00,146.96,147.49,146.75,147.17,18844
2026-04-09 11:30:00,147.16,147.35,146.8,146.85,9215
2026-04-09 11:45:00,146.97,147.2,146.8,146.97,7021
2026-04-09 12:00:00,147.04,147.04,146.74,146.83,7798
2026-04-09 12:15:00,146.83,146.99,146.8,146.82,3977
2026-04-09 12:30:00,146.96,147.0,145.88,146.4,1003678
2026-04-09 12:45:00,146.47,146.68,145.0,145.11,28680
2026-04-09 13:00:00,145.22,146.29,145.06,146.1,10454
2026-04-09 13:15:00,146.0,146.1,145.95,146.06,7857
2026-04-09 13:30:00,146.0,146.08,145.95,146.08,17650
2026-04-09 13:45:00,146.08,146.23,145.95,146.2,22710
2026-04-09 14:00:00,146.11,146.25,145.92,146.0,6020
2026-04-09 14:15:00,146.0,146.01,146.0,146.0,5129
2026-04-09 14:30:00,146.01,146.11,146.0,146.0,27189
2026-04-09 14:45:00,146.01,146.09,145.45,145.78,38096
2026-04-09 15:00:00,145.78,146.25,145.6,146.22,61523
2026-04-09 15:15:00,146.14,147.02,145.84,146.03,102591
2026-04-10 09:15:00,146.5,147.95,146.28,146.63,17237
2026-04-10 09:30:00,146.63,147.4,146.58,146.86,14892
2026-04-10 09:45:00,147.0,147.4,146.98,147.06,9866
2026-04-10 10:00:00,147.06,147.18,146.54,146.86,3952
2026-04-10 10:15:00,146.86,146.98,146.4,146.4,4098
2026-04-10 10:30:00,146.4,146.79,146.35,146.45,5588
2026-04-10 10:45:00,146.45,146.66,146.35,146.44,3898
2026-04-10 11:00:00,146.51,146.53,146.35,146.41,5375
2026-04-10 11:15:00,146.41,146.59,146.1,146.31,15254
2026-04-10 11:30:00,146.26,146.86,146.15,146.7,8255
2026-04-10 11:45:00,146.7,146.97,146.24,146.33,8030
2026-04-10 12:00:00,146.33,146.52,145.9,146.14,7623
2026-04-10 12:15:00,146.14,146.41,146.01,146.23,2613
2026-04-10 12:30:00,146.23,146.42,146.16,146.29,2300
2026-04-10 12:45:00,146.31,146.42,146.05,146.19,5696
2026-04-10 13:00:00,146.19,146.44,146.07,146.24,2184
2026-04-10 13:15:00,146.24,146.38,145.9,145.91,10664
2026-04-10 13:30:00,145.91,146.0,145.11,145.65,19786
2026-04-10 13:45:00,145.65,145.78,145.5,145.62,3982
2026-04-10 14:00:00,145.62,145.74,145.6,145.61,3432
2026-04-10 14:15:00,145.61,145.61,145.05,145.12,11338
2026-04-10 14:30:00,145.12,145.47,145.0,145.3,10407
2026-04-10 14:45:00,145.3,145.3,144.66,144.84,18888
2026-04-10 15:00:00,144.9,145.3,144.15,144.6,28822
2026-04-10 15:15:00,144.6,145.1,144.42,144.8,40994
2026-04-13 09:15:00,142.7,144.09,141.02,143.36,106073
2026-04-13 09:30:00,143.36,144.2,142.67,142.82,27740
2026-04-13 09:45:00,142.82,143.38,142.66,143.2,4368
2026-04-13 10:00:00,143.2,143.39,142.79,143.09,4296
2026-04-13 10:15:00,143.09,143.24,142.55,143.06,5056
2026-04-13 10:30:00,143.06,143.24,142.81,143.09,7957
2026-04-13 10:45:00,143.09,143.9,143.09,143.79,5121
2026-04-13 11:00:00,143.79,144.23,143.07,143.3,10916
2026-04-13 11:15:00,143.38,143.89,143.03,143.67,13071
2026-04-13 11:30:00,143.67,144.2,143.13,143.77,8438
2026-04-13 11:45:00,143.77,144.15,143.51,143.99,6014
2026-04-13 12:00:00,143.99,144.06,143.57,143.75,3619
2026-04-13 12:15:00,143.75,143.95,143.55,143.7,2414
2026-04-13 12:30:00,143.8,144.2,143.79,144.0,9306
2026-04-13 12:45:00,144.0,144.08,143.58,143.74,5167
2026-04-13 13:00:00,143.78,143.98,143.45,143.71,3230
2026-04-13 13:15:00,143.71,143.93,143.57,143.63,3067
2026-04-13 13:30:00,143.63,145.12,143.61,144.66,55873
2026-04-13 13:45:00,144.56,145.49,144.12,144.27,56064
2026-04-13 14:00:00,144.27,144.6,143.79,143.88,37126
2026-04-13 14:15:00,143.88,144.39,143.85,144.11,20148
2026-04-13 14:30:00,144.11,144.24,143.75,144.11,26498
2026-04-13 14:45:00,144.11,144.41,143.91,144.22,48487
2026-04-13 15:00:00,144.33,146.12,144.0,144.29,108858
2026-04-13 15:15:00,144.32,145.56,143.6,143.6,127321
2026-04-15 09:15:00,145.3,146.0,143.2,145.0,106885
2026-04-15 09:30:00,145.0,145.59,144.55,144.75,52907
2026-04-15 09:45:00,144.75,145.21,144.55,144.81,39266
2026-04-15 10:00:00,144.81,145.49,144.81,145.17,39416
2026-04-15 10:15:00,145.18,145.55,145.05,145.05,12016
2026-04-15 10:30:00,145.05,145.45,145.0,145.04,18250
2026-04-15 10:45:00,145.07,145.27,145.0,145.13,21789
2026-04-15 11:00:00,145.13,145.26,144.56,144.61,80460
2026-04-15 11:15:00,144.61,144.99,144.55,144.74,7372
2026-04-15 11:30:00,144.74,144.9,144.38,144.65,38477
2026-04-15 11:45:00,144.65,144.91,144.62,144.62,10462
2026-04-15 12:00:00,144.84,146.59,144.7,145.29,153288
2026-04-15 12:15:00,145.25,146.7,145.01,146.5,128617
2026-04-15 12:30:00,146.5,147.5,145.57,146.93,725773
2026-04-15 12:45:00,147.0,147.8,146.51,146.64,169698
2026-04-15 13:00:00,146.64,147.0,146.32,146.36,92186
2026-04-15 13:15:00,146.36,146.66,146.32,146.33,37735
2026-04-15 13:30:00,146.33,146.6,146.26,146.38,21404
2026-04-15 13:45:00,146.38,146.64,146.38,146.44,4427
2026-04-15 14:00:00,146.44,146.5,146.32,146.32,3082
2026-04-15 14:15:00,146.32,147.1,146.32,146.46,37047
2026-04-15 14:30:00,146.5,146.56,146.32,146.33,16103
2026-04-15 14:45:00,146.33,147.31,146.33,146.54,65513
2026-04-15 15:00:00,146.68,146.77,146.32,146.38,76023
2026-04-15 15:15:00,146.46,146.98,146.32,146.33,153576
2026-04-16 09:15:00,146.99,149.38,146.51,148.27,129003
2026-04-16 09:30:00,148.27,148.62,147.29,147.52,51623
2026-04-16 09:45:00,147.52,147.63,147.11,147.18,20007
2026-04-16 10:00:00,147.18,147.33,146.67,147.32,11152
2026-04-16 10:15:00,147.32,147.41,146.82,147.25,19020
2026-04-16 10:30:00,147.25,147.42,146.8,146.95,4107
2026-04-16 10:45:00,147.01,147.69,147.0,147.31,27319
2026-04-16 11:00:00,147.31,147.65,147.18,147.24,9192
2026-04-16 11:15:00,147.24,147.57,147.07,147.19,11999
2026-04-16 11:30:00,147.18,147.26,146.5,146.58,16528
2026-04-16 11:45:00,146.58,147.88,146.1,147.65,36666
2026-04-16 12:00:00,147.69,149.25,147.3,149.0,109476
2026-04-16 12:15:00,149.0,149.2,148.89,149.0,53786
2026-04-16 12:30:00,149.0,150.72,148.91,150.26,86542
2026-04-16 12:45:00,150.44,151.0,149.88,150.05,78319
2026-04-16 13:00:00,150.05,150.29,149.4,149.57,63582
2026-04-16 13:15:00,149.57,150.33,149.5,150.26,16517
2026-04-16 13:30:00,150.23,151.96,149.57,151.31,69789
2026-04-16 13:45:00,151.75,151.8,151.0,151.3,59750
2026-04-16 14:00:00,151.3,151.65,150.93,151.37,36075
2026-04-16 14:15:00,151.37,151.69,150.95,151.49,18657
2026-04-16 14:30:00,151.49,152.0,151.0,151.1,31397
2026-04-16 14:45:00,151.14,151.3,150.94,151.06,45180
2026-04-16 15:00:00,151.16,151.37,150.97,151.0,51818
2026-04-16 15:15:00,151.0,152.59,149.57,150.26,217992
2026-04-17 09:15:00,152.63,152.69,150.3,150.38,42372
2026-04-17 09:30:00,150.38,150.81,150.0,150.15,27514
2026-04-17 09:45:00,150.15,150.9,150.01,150.71,15601
2026-04-17 10:00:00,150.71,150.81,150.12,150.5,17981
2026-04-17 10:15:00,150.64,150.64,150.01,150.2,18848
2026-04-17 10:30:00,150.2,150.31,149.85,150.0,17319
2026-04-17 10:45:00,150.0,150.22,149.91,150.02,3653
2026-04-17 11:00:00,150.02,150.73,149.85,150.0,21943
2026-04-17 11:15:00,150.0,150.0,149.6,149.7,5736
2026-04-17 11:30:00,149.7,149.92,149.64,149.92,3827
2026-04-17 11:45:00,149.92,149.92,148.84,149.02,11239
2026-04-17 12:00:00,149.02,149.23,148.98,149.09,9861
2026-04-17 12:15:00,149.09,149.29,149.01,149.02,10236
2026-04-17 12:30:00,149.02,149.05,148.21,148.46,29105
2026-04-17 12:45:00,148.46,148.99,148.46,148.87,7618
2026-04-17 13:00:00,148.87,149.0,148.8,148.8,1925
2026-04-17 13:15:00,148.8,148.91,148.5,148.55,13241
2026-04-17 13:30:00,148.55,148.74,148.26,148.44,6210
2026-04-17 13:45:00,148.44,148.88,148.26,148.29,14185
2026-04-17 14:00:00,148.29,148.56,147.9,148.46,19829
2026-04-17 14:15:00,148.46,149.49,148.46,149.48,14295
2026-04-17 14:30:00,149.48,149.94,149.21,149.94,25924
2026-04-17 14:45:00,149.94,150.8,149.82,150.67,31639
2026-04-17 15:00:00,150.67,151.24,149.58,149.71,28031
2026-04-17 15:15:00,149.73,150.09,149.1,149.47,38446
2026-04-20 09:15:00,150.7,150.7,148.28,149.05,35008
2026-04-20 09:30:00,149.05,149.31,148.01,148.21,12438
2026-04-20 09:45:00,148.35,148.35,147.9,148.1,11291
2026-04-20 10:00:00,148.1,148.59,148.1,148.43,3069
2026-04-20 10:15:00,148.43,148.66,147.96,148.33,16112
2026-04-20 10:30:00,148.33,148.58,148.25,148.44,2372
2026-04-20 10:45:00,148.44,148.58,148.26,148.3,10432
2026-04-20 11:00:00,148.3,148.83,148.2,148.68,6252
2026-04-20 11:15:00,148.68,148.94,148.53,148.67,9067
2026-04-20 11:30:00,148.67,149.08,148.59,148.6,5582
2026-04-20 11:45:00,148.6,148.79,148.5,148.51,4535
2026-04-20 12:00:00,148.51,148.79,148.02,148.22,11421
2026-04-20 12:15:00,148.22,148.69,148.12,148.29,784
2026-04-20 12:30:00,148.29,150.69,148.21,150.2,42631
2026-04-20 12:45:00,150.12,150.32,149.99,150.01,11620
2026-04-20 13:00:00,150.01,150.28,150.0,150.0,43179
2026-04-20 13:15:00,150.0,150.38,150.0,150.01,11024
2026-04-20 13:30:00,150.21,150.55,150.02,150.3,10257
2026-04-20 13:45:00,150.3,150.42,150.0,150.0,7432
2026-04-20 14:00:00,150.0,150.35,150.0,150.15,7851
2026-04-20 14:15:00,150.15,150.33,150.02,150.22,3206
2026-04-20 14:30:00,150.22,150.38,150.01,150.11,11074
2026-04-20 14:45:00,150.11,150.5,150.07,150.37,9372
2026-04-20 15:00:00,150.37,150.8,150.3,150.5,13210
2026-04-20 15:15:00,150.5,150.81,150.48,150.6,63050
2026-04-21 09:15:00,152.0,152.0,144.3,145.07,368762
2026-04-21 09:30:00,145.14,145.96,145.0,145.51,124555
2026-04-21 09:45:00,145.51,145.74,142.68,143.41,314606
2026-04-21 10:00:00,143.5,144.33,142.32,144.0,711545
2026-04-21 10:15:00,144.0,144.3,141.7,142.21,320701
2026-04-21 10:30:00,142.2,143.94,141.65,143.9,221892
2026-04-21 10:45:00,143.82,144.75,143.28,144.46,330302
2026-04-21 11:00:00,144.46,145.38,144.25,145.23,228445
2026-04-21 11:15:00,145.23,145.35,144.5,144.75,134929
2026-04-21 11:30:00,144.75,145.57,144.64,145.4,311988
2026-04-21 11:45:00,145.4,146.79,145.0,145.31,214277
2026-04-21 12:00:00,145.31,145.55,145.0,145.0,210741
2026-04-21 12:15:00,145.01,145.35,144.31,144.34,51124
2026-04-21 12:30:00,144.35,144.66,144.0,144.2,156899
2026-04-21 12:45:00,144.2,145.0,144.0,144.0,180469
2026-04-21 13:00:00,144.06,144.43,144.06,144.1,30175
2026-04-21 13:15:00,144.08,144.2,143.09,143.1,83505
2026-04-21 13:30:00,143.1,143.23,142.8,142.8,44100
2026-04-21 13:45:00,142.84,143.18,142.67,143.1,36917
2026-04-21 14:00:00,143.12,143.19,142.5,142.73,73904
2026-04-21 14:15:00,142.77,142.99,142.5,142.53,66517
2026-04-21 14:30:00,142.58,143.34,142.5,142.72,291487
2026-04-21 14:45:00,142.73,143.06,141.9,142.8,168641
2026-04-21 15:00:00,142.8,144.03,142.7,144.0,309406
2026-04-21 15:15:00,144.12,144.32,143.11,143.5,268317
2026-04-22 09:15:00,143.5,145.38,143.5,144.78,159618
2026-04-22 09:30:00,144.78,146.06,144.27,145.31,192092
2026-04-22 09:45:00,145.19,145.31,144.55,144.87,140154
2026-04-22 10:00:00,144.87,146.56,144.65,146.05,388607
2026-04-22 10:15:00,146.05,147.5,146.02,147.0,222649
2026-04-22 10:30:00,147.0,147.93,146.61,147.4,186776
2026-04-22 10:45:00,147.33,148.4,144.48,145.51,703724
2026-04-22 11:00:00,145.52,145.52,142.65,143.3,383431
2026-04-22 11:15:00,143.3,143.85,143.06,143.52,90978
2026-04-22 11:30:00,143.52,143.85,143.05,143.19,30389
2026-04-22 11:45:00,143.19,143.33,142.7,142.85,46536
2026-04-22 12:00:00,142.85,143.0,142.55,142.73,34194
2026-04-22 12:15:00,142.73,143.0,142.54,143.0,37056
2026-04-22 12:30:00,143.0,144.96,142.6,144.63,99158
2026-04-22 12:45:00,144.63,144.75,144.1,144.15,12577
2026-04-22 13:00:00,144.15,144.44,144.05,144.27,10280
2026-04-22 13:15:00,144.27,144.34,144.09,144.31,5630
2026-04-22 13:30:00,144.26,144.26,144.1,144.17,5512
2026-04-22 13:45:00,144.17,144.17,144.0,144.1,11978
2026-04-22 14:00:00,144.12,144.18,144.0,144.0,34594
2026-04-22 14:15:00,144.0,144.22,144.0,144.1,8658
2026-04-22 14:30:00,144.1,144.18,144.02,144.02,6159
2026-04-22 14:45:00,144.02,144.15,144.0,144.14,15182
2026-04-22 15:00:00,144.14,144.14,143.17,143.32,87406
2026-04-22 15:15:00,143.32,143.98,142.5,142.8,93216
2026-04-23 09:15:00,144.75,145.45,143.46,145.39,119127
2026-04-23 09:30:00,145.18,147.74,145.08,147.44,185943
2026-04-23 09:45:00,147.32,147.81,145.92,146.26,52767
2026-04-23 10:00:00,146.26,147.2,146.04,146.9,217955
2026-04-23 10:15:00,146.9,147.2,146.69,147.0,60188
2026-04-23 10:30:00,147.0,147.06,146.77,146.91,8949
2026-04-23 10:45:00,146.91,147.0,146.75,146.87,37525
2026-04-23 11:00:00,146.86,147.0,146.61,146.95,28538
2026-04-23 11:15:00,146.99,147.2,146.98,147.2,49770
2026-04-23 11:30:00,147.19,147.25,147.0,147.17,49471
2026-04-23 11:45:00,147.17,147.26,146.75,147.0,11232
2026-04-23 12:00:00,147.0,149.3,146.94,149.16,349068
2026-04-23 12:15:00,149.16,152.5,147.52,149.86,566036
2026-04-23 12:30:00,149.86,149.9,149.06,149.73,42423
2026-04-23 12:45:00,149.62,149.9,149.09,149.62,48060
2026-04-23 13:00:00,149.62,149.62,148.37,148.98,38107
2026-04-23 13:15:00,148.98,149.0,147.93,148.24,81548
2026-04-23 13:30:00,148.24,148.24,147.7,147.9,31591
2026-04-23 13:45:00,147.9,147.97,147.72,147.85,12931
2026-04-23 14:00:00,147.85,147.85,147.19,147.3,16892
2026-04-23 14:15:00,147.3,147.31,146.64,146.76,33366
2026-04-23 14:30:00,146.7,146.8,146.22,146.56,43544
2026-04-23 14:45:00,146.56,146.94,146.37,146.85,65136
2026-04-23 15:00:00,146.86,146.95,146.01,146.24,74014
2026-04-23 15:15:00,146.24,147.0,146.05,147.0,86469
2026-04-24 09:15:00,146.5,147.99,146.14,147.03,36754
2026-04-24 09:30:00,147.03,147.58,146.35,147.29,46191
2026-04-24 09:45:00,147.29,147.29,145.94,146.14,16359
2026-04-24 10:00:00,146.25,147.3,146.07,146.54,25744
2026-04-24 10:15:00,146.35,146.59,146.24,146.38,14679
2026-04-24 10:30:00,146.38,146.65,146.3,146.3,11167
2026-04-24 10:45:00,146.31,146.65,146.24,146.36,6593
2026-04-24 11:00:00,146.36,146.55,146.2,146.28,4335
2026-04-24 11:15:00,146.25,146.3,145.91,146.18,8976
2026-04-24 11:30:00,146.18,146.38,146.15,146.15,2115
2026-04-24 11:45:00,146.15,146.3,144.02,145.15,79972
2026-04-24 12:00:00,145.15,145.38,144.0,144.2,33394
2026-04-24 12:15:00,144.2,144.68,139.9,141.6,399309
2026-04-24 12:30:00,141.6,143.79,141.4,142.5,179291
2026-04-24 12:45:00,142.76,143.0,142.2,142.39,59850
2026-04-24 13:00:00,142.38,142.56,142.1,142.25,34257
2026-04-24 13:15:00,142.25,142.45,142.06,142.13,32341
2026-04-24 13:30:00,142.13,142.13,141.59,141.86,42150
2026-04-24 13:45:00,141.86,141.94,141.5,141.82,55830
2026-04-24 14:00:00,141.82,142.56,141.82,142.11,52415
2026-04-24 14:15:00,142.11,142.14,141.7,142.0,41956
2026-04-24 14:30:00,142.0,142.2,141.73,142.0,49360
2026-04-24 14:45:00,142.0,142.01,141.43,141.84,80912
2026-04-24 15:00:00,141.79,141.79,140.96,141.17,88689
2026-04-24 15:15:00,141.17,141.5,138.5,139.25,309266
2026-04-27 09:15:00,140.62,143.49,139.56,143.32,177500
2026-04-27 09:30:00,143.45,143.55,141.79,142.72,75110
2026-04-27 09:45:00,142.72,142.9,142.12,142.29,23723
2026-04-27 10:00:00,142.29,142.47,141.4,141.46,11079
2026-04-27 10:15:00,141.46,141.9,141.46,141.66,3547
2026-04-27 10:30:00,141.66,142.32,141.5,142.26,26110
2026-04-27 10:45:00,142.26,142.64,142.07,142.07,3692
2026-04-27 11:00:00,142.07,142.31,141.87,142.31,13087
2026-04-27 11:15:00,142.31,142.31,141.45,141.45,14413
2026-04-27 11:30:00,141.4,141.4,140.48,140.67,27418
2026-04-27 11:45:00,140.67,141.09,140.58,140.8,3076
2026-04-27 12:00:00,140.8,141.23,140.8,141.04,7399
2026-04-27 12:15:00,141.13,141.13,140.62,140.84,14012
2026-04-27 12:30:00,140.84,141.12,140.47,140.52,19353
2026-04-27 12:45:00,140.52,140.55,140.21,140.41,6526
2026-04-27 13:00:00,140.41,141.0,140.3,140.65,19182
2026-04-27 13:15:00,140.65,140.87,140.5,140.7,13129
2026-04-27 13:30:00,140.7,140.86,140.5,140.56,10724
2026-04-27 13:45:00,140.56,140.6,140.3,140.35,4659
2026-04-27 14:00:00,140.35,140.66,139.93,140.52,94930
2026-04-27 14:15:00,140.52,140.52,140.04,140.3,8056
2026-04-27 14:30:00,140.3,140.3,139.56,139.8,22672
2026-04-27 14:45:00,139.8,140.09,139.6,139.73,15046
2026-04-27 15:00:00,139.87,140.0,139.73,139.96,39184
2026-04-27 15:15:00,139.96,140.1,139.02,139.5,109908
2026-04-28 09:15:00,138.6,139.73,135.11,135.2,230623
2026-04-28 09:30:00,135.14,136.27,135.0,135.26,116842
2026-04-28 09:45:00,135.26,135.65,134.21,135.19,134590
2026-04-28 10:00:00,135.19,135.54,134.15,134.15,121050
2026-04-28 10:15:00,133.89,134.51,133.6,133.7,84221
2026-04-28 10:30:00,133.61,135.13,133.21,134.99,106394
2026-04-28 10:45:00,134.99,137.96,134.82,136.28,285050
2026-04-28 11:00:00,136.25,136.3,135.62,136.12,49343
2026-04-28 11:15:00,136.09,136.18,135.01,135.32,40115
2026-04-28 11:30:00,135.31,135.89,134.27,134.38,58777
2026-04-28 11:45:00,134.33,134.99,134.08,134.08,61655
2026-04-28 12:00:00,134.08,137.35,134.02,135.95,209157
2026-04-28 12:15:00,135.95,136.29,135.07,135.07,48487
2026-04-28 12:30:00,135.07,135.45,134.22,134.4,56852
2026-04-28 12:45:00,134.4,134.84,134.3,134.47,35205
2026-04-28 13:00:00,134.4,135.32,134.4,135.13,30658
2026-04-28 13:15:00,135.12,136.22,135.08,135.85,44398
2026-04-28 13:30:00,135.85,136.17,135.61,136.0,42752
2026-04-28 13:45:00,136.0,136.4,136.0,136.25,27459
2026-04-28 14:00:00,136.25,136.83,136.0,136.25,40605
2026-04-28 14:15:00,136.25,136.95,136.25,136.7,49895
2026-04-28 14:30:00,136.7,136.92,136.01,136.36,64152
2026-04-28 14:45:00,136.36,136.8,136.25,136.4,54840
2026-04-28 15:00:00,136.4,136.61,136.25,136.48,60593
2026-04-28 15:15:00,136.47,136.68,136.15,136.27,222616
2026-04-29 09:15:00,144.0,148.4,142.9,145.42,1537959
2026-04-29 09:30:00,145.32,145.85,145.0,145.3,358407
2026-04-29 09:45:00,145.42,148.86,145.1,147.55,723949
2026-04-29 10:00:00,147.8,147.83,145.68,146.7,544431
2026-04-29 10:15:00,146.74,146.97,145.56,145.69,274408
2026-04-29 10:30:00,145.41,146.03,144.88,145.34,276960
2026-04-29 10:45:00,145.22,147.13,145.0,146.54,194753
2026-04-29 11:00:00,146.55,146.7,145.82,146.1,113662
2026-04-29 11:15:00,146.1,146.12,145.13,145.38,173856
2026-04-29 11:30:00,145.38,146.57,145.3,146.5,124407
2026-04-29 11:45:00,146.35,146.54,145.92,146.34,91663
2026-04-29 12:00:00,146.35,146.48,145.78,145.78,123380
2026-04-29 12:15:00,145.9,146.21,145.55,145.7,115676
2026-04-29 12:30:00,145.77,145.83,145.11,145.29,128378
2026-04-29 12:45:00,145.42,145.42,144.84,145.25,141780
2026-04-29 13:00:00,145.22,147.48,144.93,147.25,234843
2026-04-29 13:15:00,147.38,148.89,146.0,148.69,704463
2026-04-29 13:30:00,148.8,149.69,148.24,148.89,833466
2026-04-29 13:45:00,148.89,148.89,148.02,148.69,387195
2026-04-29 14:00:00,148.57,148.8,147.02,147.61,343351
2026-04-29 14:15:00,147.71,148.07,146.55,147.0,327315
2026-04-29 14:30:00,146.89,147.49,146.02,146.52,259868
2026-04-29 14:45:00,146.52,146.93,146.2,146.4,135871
2026-04-29 15:00:00,146.35,146.64,146.0,146.2,225699
2026-04-29 15:15:00,146.27,146.54,145.67,146.0,289863
2026-04-30 09:15:00,145.2,145.43,142.2,143.02,121209
2026-04-30 09:30:00,143.02,145.5,142.65,144.79,123545
2026-04-30 09:45:00,144.79,144.86,143.79,144.06,63964
2026-04-30 10:00:00,143.98,144.14,143.5,143.62,43731
2026-04-30 10:15:00,143.61,143.63,143.07,143.28,26639
2026-04-30 10:30:00,143.28,143.87,143.06,143.83,36547
2026-04-30 10:45:00,143.83,143.86,143.34,143.37,7007
2026-04-30 11:00:00,143.37,144.21,143.37,144.21,19657
2026-04-30 11:15:00,144.11,144.99,144.0,144.24,18663
2026-04-30 11:30:00,144.24,144.38,143.57,143.62,14051
2026-04-30 11:45:00,143.62,143.63,143.28,143.31,13112
2026-04-30 12:00:00,143.31,143.44,143.11,143.24,15030
2026-04-30 12:15:00,143.24,143.59,143.2,143.23,9409
2026-04-30 12:30:00,143.23,143.3,142.5,142.81,52507
2026-04-30 12:45:00,142.8,143.16,142.8,143.09,8039
2026-04-30 13:00:00,143.09,143.16,142.29,142.46,61249
2026-04-30 13:15:00,142.46,142.5,142.05,142.05,14036
2026-04-30 13:30:00,142.05,142.67,141.74,142.43,47353
2026-04-30 13:45:00,142.43,142.7,142.37,142.67,19990
2026-04-30 14:00:00,142.67,142.78,142.31,142.42,21455
2026-04-30 14:15:00,142.42,142.52,141.76,141.96,33221
2026-04-30 14:30:00,141.96,142.24,141.83,142.08,23809
2026-04-30 14:45:00,142.08,142.48,141.82,142.27,21591
2026-04-30 15:00:00,142.31,143.27,140.69,140.91,118283
2026-04-30 15:15:00,140.91,141.29,140.15,140.82,150819
2026-05-04 09:15:00,143.19,143.7,140.86,143.44,153730
2026-05-04 09:30:00,143.53,143.88,143.04,143.88,50095
2026-05-04 09:45:00,143.81,144.19,143.47,144.03,37142
2026-05-04 10:00:00,144.03,144.3,143.57,143.57,16754
2026-05-04 10:15:00,143.57,143.69,143.1,143.27,8695
2026-05-04 10:30:00,143.3,143.62,143.09,143.09,3888
2026-05-04 10:45:00,143.09,143.1,142.19,142.63,20352
2026-05-04 11:00:00,142.63,143.16,142.63,142.89,9101
2026-05-04 11:15:00,142.89,143.26,142.84,143.26,8344
2026-05-04 11:30:00,143.26,143.28,143.08,143.1,2379
2026-05-04 11:45:00,143.1,143.22,142.5,142.67,31177
2026-05-04 12:00:00,142.68,142.85,142.5,142.85,19647
2026-05-04 12:15:00,142.85,142.98,142.22,142.5,22157
2026-05-04 12:30:00,142.56,142.85,142.43,142.69,13272
2026-05-04 12:45:00,142.69,142.88,142.32,142.76,9397
2026-05-04 13:00:00,142.76,142.76,142.52,142.69,3202
2026-05-04 13:15:00,142.6,142.74,142.0,142.06,9725
2026-05-04 13:30:00,142.0,142.79,141.77,142.68,15519
2026-05-04 13:45:00,142.68,142.77,142.23,142.34,10681
2026-05-04 14:00:00,142.38,142.45,142.22,142.35,5564
2026-05-04 14:15:00,142.35,143.09,142.35,142.77,29944
2026-05-04 14:30:00,142.77,142.99,142.53,142.92,26331
2026-05-04 14:45:00,142.92,144.79,142.8,143.81,53073
2026-05-04 15:00:00,143.74,144.06,143.12,143.5,47443
2026-05-04 15:15:00,143.6,143.95,140.88,143.7,107868
2026-05-05 09:15:00,142.0,143.77,141.93,142.85,19359
2026-05-05 09:30:00,142.85,143.45,142.26,142.51,11314
2026-05-05 09:45:00,142.51,142.69,142.26,142.42,7112
2026-05-05 10:00:00,142.42,145.41,142.4,144.41,62233
2026-05-05 10:15:00,144.47,144.54,144.14,144.49,15434
2026-05-05 10:30:00,144.37,144.8,144.17,144.3,12484
2026-05-05 10:45:00,144.3,144.56,144.0,144.35,7108
2026-05-05 11:00:00,144.35,144.61,144.1,144.6,6836
2026-05-05 11:15:00,144.6,144.79,144.3,144.65,5827
2026-05-05 11:30:00,144.65,144.78,144.34,144.34,2085
2026-05-05 11:45:00,144.34,146.56,143.98,146.28,976429
2026-05-05 12:00:00,146.28,146.4,145.41,146.19,49199
2026-05-05 12:15:00,146.2,146.2,145.46,145.72,26821
2026-05-05 12:30:00,145.72,145.85,145.51,145.75,17547
2026-05-05 12:45:00,145.75,145.9,145.37,145.56,15343
2026-05-05 13:00:00,145.56,145.9,145.21,145.32,12465
2026-05-05 13:15:00,145.23,145.72,145.0,145.3,15366
2026-05-05 13:30:00,145.46,145.5,145.01,145.46,14301
2026-05-05 13:45:00,145.46,145.5,144.64,145.0,21784
2026-05-05 14:00:00,145.0,145.0,144.54,144.86,19775
2026-05-05 14:15:00,144.86,145.02,144.77,144.83,23579
2026-05-05 14:30:00,144.83,144.99,144.22,144.45,16753
2026-05-05 14:45:00,144.54,144.98,143.81,144.98,29054
2026-05-05 15:00:00,144.98,144.98,144.1,144.37,18090
2026-05-05 15:15:00,144.51,144.65,143.0,143.1,59300
2026-05-06 09:15:00,144.8,145.48,142.27,144.16,112794
2026-05-06 09:30:00,144.07,144.72,144.0,144.47,61388
2026-05-06 09:45:00,144.47,144.64,144.0,144.0,39762
2026-05-06 10:00:00,144.0,144.06,142.86,143.27,56604
2026-05-06 10:15:00,143.17,143.28,142.5,142.5,41956
2026-05-06 10:30:00,142.51,142.83,142.06,142.26,58593
2026-05-06 10:45:00,142.26,142.85,141.71,142.54,46968
2026-05-06 11:00:00,142.54,143.11,142.5,142.65,27051
2026-05-06 11:15:00,142.65,142.84,141.6,141.89,38022
2026-05-06 11:30:00,141.89,142.14,141.81,141.81,6986
2026-05-06 11:45:00,141.82,141.99,141.58,141.73,15817
2026-05-06 12:00:00,141.73,141.8,141.25,141.35,22148
2026-05-06 12:15:00,141.35,141.42,140.84,141.06,23480
2026-05-06 12:30:00,141.13,141.13,140.21,140.4,45921
2026-05-06 12:45:00,140.4,140.62,140.2,140.3,32299
2026-05-06 13:00:00,140.3,140.39,140.1,140.2,31419
2026-05-06 13:15:00,140.2,140.49,140.1,140.32,34038
2026-05-06 13:30:00,140.32,140.39,139.94,140.0,42958
2026-05-06 13:45:00,140.0,140.23,139.52,139.56,57139
2026-05-06 14:00:00,139.56,141.45,139.52,140.88,79754
2026-05-06 14:15:00,140.88,142.5,140.75,141.7,187977
2026-05-06 14:30:00,141.7,141.79,141.02,141.46,73829
2026-05-06 14:45:00,141.44,141.49,140.7,140.73,52651
2026-05-06 15:00:00,140.86,141.29,140.25,140.53,116728
2026-05-06 15:15:00,140.53,142.0,140.26,141.0,169927
2026-05-07 09:15:00,141.2,141.98,140.88,141.92,42400
2026-05-07 09:30:00,141.92,142.3,141.52,142.17,20940
2026-05-07 09:45:00,142.0,142.0,141.65,141.74,11119
2026-05-07 10:00:00,141.74,142.25,141.74,141.99,6876
2026-05-07 10:15:00,141.99,142.3,141.99,142.28,4114
2026-05-07 10:30:00,142.28,144.05,142.19,143.29,62946
2026-05-07 10:45:00,143.29,144.14,143.09,143.9,38256
2026-05-07 11:00:00,143.96,144.05,143.56,143.65,18447
2026-05-07 11:15:00,143.65,143.78,143.39,143.5,11714
2026-05-07 11:30:00,143.72,144.1,143.09,143.4,32303
2026-05-07 11:45:00,143.4,144.0,143.29,143.69,19246
2026-05-07 12:00:00,143.8,143.95,143.51,143.73,10224
2026-05-07 12:15:00,143.73,143.85,143.57,143.72,4406
2026-05-07 12:30:00,143.72,143.72,143.4,143.43,4636
2026-05-07 12:45:00,143.43,143.59,143.16,143.24,2899
2026-05-07 13:00:00,143.24,143.58,143.11,143.35,3371
2026-05-07 13:15:00,143.35,143.49,143.05,143.45,3259
2026-05-07 13:30:00,143.37,143.48,143.08,143.3,3230
2026-05-07 13:45:00,143.3,143.33,143.19,143.23,4889
2026-05-07 14:00:00,143.23,143.69,143.23,143.41,6984
2026-05-07 14:15:00,143.41,143.54,143.29,143.4,5439
2026-05-07 14:30:00,143.4,143.4,142.53,142.72,7712
2026-05-07 14:45:00,142.72,142.72,142.39,142.53,4535
2026-05-07 15:00:00,142.53,142.64,142.35,142.49,8209
2026-05-07 15:15:00,142.42,143.69,142.4,143.68,50339
2026-05-08 09:15:00,141.63,143.86,141.61,143.65,43276
2026-05-08 09:30:00,143.65,144.15,142.82,143.44,44404
2026-05-08 09:45:00,143.33,143.92,143.12,143.75,14843
2026-05-08 10:00:00,143.75,143.82,143.35,143.66,7203
2026-05-08 10:15:00,143.66,143.73,143.43,143.66,7236
2026-05-08 10:30:00,143.59,143.7,143.28,143.5,3964
2026-05-08 10:45:00,143.5,143.5,143.25,143.48,5067
2026-05-08 11:00:00,143.48,143.53,143.21,143.21,2942
2026-05-08 11:15:00,143.21,143.3,142.74,142.89,8000
2026-05-08 11:30:00,142.89,143.12,142.8,142.9,5392
2026-05-08 11:45:00,142.84,142.96,142.7,142.71,3221
2026-05-08 12:00:00,142.71,142.83,142.66,142.75,3037
2026-05-08 12:15:00,142.75,142.86,142.31,142.59,12511
2026-05-08 12:30:00,142.59,142.66,142.35,142.35,3650
2026-05-08 12:45:00,142.35,142.79,141.46,142.0,30027
2026-05-08 13:00:00,142.0,142.07,141.51,141.85,23784
2026-05-08 13:15:00,141.85,142.0,141.71,141.86,11402
2026-05-08 13:30:00,141.86,142.0,141.85,141.91,3656
2026-05-08 13:45:00,141.91,142.02,141.85,141.85,4366
2026-05-08 14:00:00,141.93,142.0,141.79,141.9,4289
2026-05-08 14:15:00,141.99,142.0,141.62,141.77,5254
2026-05-08 14:30:00,141.9,142.2,141.78,141.99,29051
2026-05-08 14:45:00,141.99,142.1,141.8,141.9,12699
2026-05-08 15:00:00,141.9,142.17,141.63,142.0,23925
2026-05-08 15:15:00,142.0,142.07,141.33,142.0,47345
2026-05-11 09:15:00,141.71,142.5,140.31,142.5,64577
2026-05-11 09:30:00,142.9,143.83,142.66,143.13,48123
2026-05-11 09:45:00,143.16,143.17,143.07,143.17,747
2026-05-11 10:00:00,143.44,143.99,143.29,143.66,14193
2026-05-11 10:15:00,143.46,143.75,143.0,143.09,8400
2026-05-11 10:30:00,143.24,143.65,142.77,143.25,23667
2026-05-11 10:45:00,143.25,143.67,142.29,142.88,24265
2026-05-11 11:00:00,143.11,143.3,142.84,142.89,4526
2026-05-11 11:15:00,143.03,143.12,142.86,142.9,3771
2026-05-11 11:30:00,142.98,143.11,142.86,142.91,5581
2026-05-11 11:45:00,142.91,143.4,142.6,142.69,19688
2026-05-11 12:00:00,142.68,142.9,142.32,142.59,9762
2026-05-11 12:15:00,142.59,142.69,141.42,141.6,40601
2026-05-11 12:30:00,141.6,142.0,141.34,141.99,103056
2026-05-11 12:45:00,141.92,142.09,141.7,141.8,17230
2026-05-11 13:00:00,141.94,142.0,141.71,141.88,116842190
2026-05-11 13:15:00,141.81,141.89,141.68,141.7,61521484
2026-05-11 13:30:00,141.9,142.0,141.9,141.95,23920861
2026-05-11 13:45:00,141.99,141.99,141.95,141.95,643
2026-05-11 14:00:00,142.07,142.07,141.9,141.91,4237
2026-05-11 14:15:00,141.8,141.95,141.75,141.9,93912522
2026-05-11 14:30:00,141.69,141.87,141.68,141.72,25894750
2026-05-11 14:45:00,141.72,141.81,141.3,141.3,128439985
2026-05-11 15:00:00,141.22,141.29,141.07,141.25,1111
2026-05-11 15:15:00,141.0,142.0,140.5,141.9,188441539
2026-05-12 09:15:00,140.97,141.52,139.26,139.5,4322702
2026-05-12 09:30:00,139.5,139.5,138.55,139.19,12387418
2026-05-12 09:45:00,139.1,139.1,138.5,138.5,20342884
2026-05-12 10:00:00,138.5,138.67,138.25,138.35,21002071
2026-05-12 10:15:00,138.35,138.38,137.55,137.55,29650256
2026-05-12 10:30:00,137.55,138.0,137.51,137.94,29252570
2026-05-12 10:45:00,137.95,137.95,137.54,137.8,30931709
2026-05-12 11:00:00,137.8,138.3,137.2,137.81,40559242
2026-05-12 11:15:00,137.81,138.0,137.61,137.72,37149908
2026-05-12 11:30:00,137.72,137.95,137.32,137.62,45008626
2026-05-12 11:45:00,137.62,137.71,137.32,137.51,41269431
2026-05-12 12:00:00,137.51,137.7,137.2,137.49,42653893
2026-05-12 12:15:00,137.49,137.64,137.1,137.1,45969359
2026-05-12 12:30:00,137.1,137.1,136.74,137.0,33776369
2026-05-12 12:45:00,137.22,137.32,137.12,137.12,19784119
2026-05-12 13:00:00,137.12,137.23,136.86,137.08,48309121
2026-05-12 13:15:00,137.08,137.25,136.91,136.98,48031626
2026-05-12 13:30:00,137.15,137.26,136.61,136.75,59960493
2026-05-12 13:45:00,136.75,136.76,136.46,136.72,69721621
2026-05-12 14:00:00,136.72,137.3,136.0,137.29,71838422
2026-05-12 14:15:00,137.29,137.29,136.57,136.71,91210475
2026-05-12 14:30:00,136.71,136.99,136.6,136.76,83222243
2026-05-12 14:45:00,136.83,136.91,136.17,136.17,92086981
2026-05-12 15:00:00,136.17,136.67,135.78,135.97,112798162
2026-05-12 15:15:00,135.93,136.98,135.9,136.97,124319211
2026-05-13 09:15:00,137.88,137.88,135.79,136.07,5130114
2026-05-13 09:30:00,136.07,136.12,134.68,136.05,39116
2026-05-13 09:45:00,135.9,136.04,135.37,135.38,15847
2026-05-13 10:00:00,135.36,136.13,135.23,135.5,12883
2026-05-13 10:15:00,135.5,135.88,135.5,135.79,8222
2026-05-13 10:30:00,135.64,135.64,135.1,135.27,21139
2026-05-13 10:45:00,135.27,135.44,134.65,134.69,19062
2026-05-13 11:00:00,134.73,135.0,134.58,134.84,13076
2026-05-13 11:15:00,134.82,135.01,134.65,135.01,7799
2026-05-13 11:30:00,135.0,135.19,134.75,134.95,21784
2026-05-13 11:45:00,134.85,135.28,134.81,135.24,12669
2026-05-13 12:00:00,135.12,135.36,135.04,135.36,4971
2026-05-13 12:15:00,135.31,136.77,135.0,136.68,33895
2026-05-13 12:30:00,137.0,137.1,136.09,136.3,19381
2026-05-13 12:45:00,136.3,136.84,136.2,136.6,21558
2026-05-13 13:00:00,136.6,136.74,136.41,136.52,10431
2026-05-13 13:15:00,136.51,136.92,136.33,136.63,15886
2026-05-13 13:30:00,136.61,137.74,136.56,137.44,52618
2026-05-13 13:45:00,137.4,137.4,137.01,137.1,7423
2026-05-13 14:00:00,137.1,137.45,137.1,137.4,4635
2026-05-13 14:15:00,137.4,137.4,137.1,137.1,2751
2026-05-13 14:30:00,137.0,137.79,137.0,137.48,9486
2026-05-13 14:45:00,137.48,137.48,137.15,137.15,15000
2026-05-13 15:00:00,137.15,137.15,136.42,136.53,19045
2026-05-13 15:15:00,136.54,137.5,136.54,137.5,32942
2026-05-14 09:15:00,137.01,138.85,137.01,138.3,33905
2026-05-14 09:30:00,138.3,138.3,137.12,137.25,19461
2026-05-14 09:45:00,137.25,138.14,137.16,137.33,8526
2026-05-14 10:00:00,137.33,137.61,137.01,137.38,6465
2026-05-14 10:15:00,137.38,137.49,137.05,137.37,3967
2026-05-14 10:30:00,137.37,137.86,137.18,137.18,3760
2026-05-14 10:45:00,137.18,137.18,136.7,136.9,2898
2026-05-14 11:00:00,136.9,136.9,136.21,136.81,3934
2026-05-14 11:15:00,136.81,136.91,136.49,136.66,3578
2026-05-14 11:30:00,136.66,137.49,136.56,137.29,17836
2026-05-14 11:45:00,137.29,137.49,137.2,137.47,9248
2026-05-14 12:00:00,137.47,137.51,137.05,137.06,3056
2026-05-14 12:15:00,137.2,137.54,137.0,137.38,12945
2026-05-14 12:30:00,137.38,137.44,137.06,137.44,2754
2026-05-14 12:45:00,137.44,137.66,137.19,137.24,2444
2026-05-14 13:00:00,137.24,137.61,137.09,137.47,2163
2026-05-14 13:15:00,137.47,137.73,137.1,137.13,4888
2026-05-14 13:30:00,137.13,137.55,137.12,137.5,3446
2026-05-14 13:45:00,137.5,137.92,137.47,137.75,4673
2026-05-14 14:00:00,137.89,137.94,137.65,137.79,3749
2026-05-14 14:15:00,137.79,137.95,137.74,137.74,2076
2026-05-14 14:30:00,137.74,137.74,137.29,137.55,4713
2026-05-14 14:45:00,137.55,137.6,137.11,137.18,6721
2026-05-14 15:00:00,137.05,137.14,136.7,136.73,43393915
2026-05-14 15:15:00,136.73,137.18,136.6,136.99,22443
2026-05-15 09:15:00,136.89,136.89,136.17,136.64,1479348
2026-05-15 09:30:00,136.64,138.0,136.51,137.61,8229437
2026-05-15 09:45:00,137.76,137.8,137.73,137.73,1407067
2026-05-15 10:00:00,137.73,137.93,137.16,137.68,15392171
2026-05-15 10:15:00,137.68,137.9,137.68,137.75,16319564
2026-05-15 10:30:00,137.75,138.11,137.6,137.89,20528111
2026-05-15 10:45:00,137.89,138.12,137.73,138.12,21803522
2026-05-15 11:30:00,137.37,137.52,137.37,137.52,3682590
2026-05-15 11:45:00,137.52,137.52,137.12,137.25,18425901
2026-05-15 12:00:00,137.25,137.25,136.64,136.64,20099591
2026-05-15 12:15:00,136.64,137.09,136.5,137.04,23074600
2026-05-15 12:30:00,136.94,136.94,136.72,136.87,21956946
2026-05-15 12:45:00,136.87,137.25,136.83,137.11,27939347
2026-05-15 13:00:00,137.11,137.15,136.77,136.84,22902945
2026-05-15 13:15:00,136.84,136.84,136.71,136.71,27172349
2026-05-15 13:30:00,136.71,136.72,136.6,136.7,25936363
2026-05-15 13:45:00,136.7,136.7,136.44,136.44,28221631
2026-05-15 14:00:00,136.44,136.5,136.11,136.11,28382454
2026-05-15 14:15:00,136.11,136.26,136.0,136.06,27162270
2026-05-15 14:30:00,136.06,136.16,135.9,135.98,34493927
2026-05-15 14:45:00,135.98,135.98,135.36,135.55,36420890
2026-05-15 15:00:00,135.77,135.83,135.34,135.36,53463451
2026-05-15 15:15:00,135.36,135.9,135.13,135.7,65201476
2026-05-18 09:15:00,134.55,134.55,132.33,133.01,49363
2026-05-18 09:30:00,133.01,133.27,132.4,133.01,32440
2026-05-18 09:45:00,133.01,133.01,132.2,132.45,8025
2026-05-18 10:00:00,132.45,132.88,132.25,132.7,10433
2026-05-18 10:15:00,132.7,133.1,132.52,132.79,23828
2026-05-18 10:30:00,132.79,133.2,132.35,132.95,9298
2026-05-18 10:45:00,132.95,133.03,132.72,132.93,4387
2026-05-18 11:00:00,132.93,133.14,132.84,132.95,9697
2026-05-18 11:15:00,132.95,133.14,132.74,133.14,10295
2026-05-18 11:30:00,133.14,133.3,132.97,132.99,7119
2026-05-18 11:45:00,132.99,133.17,132.79,132.81,6955
2026-05-18 12:00:00,132.81,132.89,132.7,132.84,5647
2026-05-18 12:15:00,132.84,132.9,132.58,132.83,5094
2026-05-18 12:30:00,132.83,133.25,132.83,133.03,7622
2026-05-18 12:45:00,133.03,133.08,132.67,133.08,5049
2026-05-18 13:00:00,133.08,133.1,132.64,132.77,6399
2026-05-18 13:15:00,132.77,132.88,132.66,132.71,3169
2026-05-18 13:30:00,132.71,132.9,132.65,132.83,6633
2026-05-18 13:45:00,132.7,133.05,132.7,132.99,1975
2026-05-18 14:00:00,132.99,134.28,132.75,134.1,25351
2026-05-18 14:15:00,134.09,134.34,133.9,134.33,5119
2026-05-18 14:30:00,134.33,134.4,133.8,134.15,9456
2026-05-18 14:45:00,134.15,134.25,133.86,134.06,4103
2026-05-18 15:00:00,134.06,134.84,133.92,134.4,20082
2026-05-18 15:15:00,134.37,135.25,134.03,135.25,34319
2026-05-19 09:15:00,135.25,136.49,134.11,134.84,10204
2026-05-19 09:30:00,134.8,134.96,133.61,134.81,15439
2026-05-19 09:45:00,134.81,134.9,134.3,134.74,7771
2026-05-19 10:00:00,134.74,134.85,134.39,134.45,9715
2026-05-19 10:15:00,134.45,134.5,134.13,134.37,2439
2026-05-19 10:30:00,134.37,134.81,134.37,134.8,3716
2026-05-19 10:45:00,134.88,136.21,134.74,136.21,17872
2026-05-19 11:00:00,136.21,136.52,135.61,136.18,24559
2026-05-19 11:15:00,136.17,136.3,135.38,136.1,15055
2026-05-19 11:30:00,136.1,136.78,135.99,136.08,16690
2026-05-19 11:45:00,136.1,136.44,135.99,136.0,8324
2026-05-19 12:00:00,136.0,136.32,136.0,136.01,6334
2026-05-19 12:15:00,136.01,136.38,136.0,136.21,4850
2026-05-19 12:30:00,136.21,136.32,135.82,136.13,5796
2026-05-19 12:45:00,136.13,136.44,136.12,136.32,3557
2026-05-19 13:00:00,136.32,136.37,136.05,136.15,1606
2026-05-19 13:15:00,136.15,137.15,136.0,137.14,38698
2026-05-19 13:30:00,137.14,137.14,136.81,136.98,35832
2026-05-19 13:45:00,136.98,137.83,136.95,137.56,13108
2026-05-19 14:00:00,137.56,137.65,137.5,137.52,3073
2026-05-19 14:15:00,137.52,138.04,137.52,138.04,21182
2026-05-19 14:30:00,138.04,138.14,137.87,138.0,42480
2026-05-19 14:45:00,137.87,138.07,137.87,138.0,29446
2026-05-19 15:00:00,138.05,138.1,136.83,136.91,25759
2026-05-19 15:15:00,136.91,138.3,136.86,138.01,90292
2026-05-20 09:15:00,136.91,138.78,136.8,138.08,2973731
2026-05-20 09:30:00,138.08,138.47,137.92,138.32,5951110
2026-05-20 09:45:00,138.3,138.3,137.9,137.91,9704940
2026-05-20 10:00:00,137.91,137.91,137.21,137.45,10866805
2026-05-20 10:15:00,137.45,137.45,136.85,137.14,11823760
2026-05-20 10:30:00,137.14,137.37,137.14,137.25,13394685
2026-05-20 10:45:00,137.25,138.59,137.25,138.5,20501310
2026-05-20 11:00:00,138.5,138.64,138.32,138.32,15861708
2026-05-20 11:15:00,138.32,138.73,138.0,138.25,25908462
2026-05-20 11:30:00,138.25,138.49,138.04,138.41,25830976
2026-05-20 11:45:00,138.38,138.39,138.03,138.18,26369468
2026-05-20 12:00:00,138.18,138.41,138.0,138.35,24990017
2026-05-20 12:15:00,138.37,138.5,138.21,138.21,29966344
2026-05-20 12:30:00,138.21,138.39,138.1,138.1,26812326
2026-05-20 12:45:00,138.1,138.34,138.0,138.24,28929861
2026-05-20 13:00:00,138.24,138.39,138.0,138.28,30980280
2026-05-20 13:15:00,138.28,138.35,138.12,138.26,26702894
2026-05-20 13:30:00,138.26,138.26,138.0,138.11,24848748
2026-05-20 13:45:00,138.05,138.24,138.0,138.0,26317101
2026-05-20 14:00:00,138.0,138.19,137.95,138.08,26174952
2026-05-20 14:15:00,138.08,138.2,138.05,138.12,31088357
2026-05-20 14:30:00,138.12,138.21,138.02,138.02,28704699
2026-05-20 14:45:00,138.02,138.19,138.0,138.08,35220608
2026-05-20 15:00:00,138.1,138.1,138.0,138.01,50315409
2026-05-20 15:15:00,138.0,139.39,138.0,138.55,70417854
2026-05-21 09:15:00,139.99,140.14,138.53,138.59,1643428
2026-05-21 09:30:00,138.5,139.01,138.09,139.01,2838143
2026-05-21 09:45:00,139.01,139.13,138.83,138.88,2855993
2026-05-21 10:00:00,138.88,139.2,138.88,139.08,3416551
2026-05-21 10:15:00,139.08,139.27,139.0,139.27,3169120
2026-05-21 10:30:00,139.13,139.41,139.02,139.14,4051256
2026-05-21 10:45:00,139.14,139.3,139.08,139.14,4390960
2026-05-21 11:00:00,139.14,139.25,139.1,139.14,5160055
2026-05-21 11:15:00,139.14,139.2,138.93,139.14,5614670
2026-05-21 11:30:00,139.14,139.27,139.13,139.13,5845919
2026-05-21 11:45:00,139.13,139.25,139.02,139.02,3377802
2026-05-21 12:00:00,139.02,139.3,139.02,139.15,5989393
2026-05-21 12:15:00,139.15,139.29,138.78,139.0,6880435
2026-05-21 12:30:00,139.0,139.11,139.0,139.01,9463137
2026-05-21 12:45:00,139.01,139.18,138.99,139.08,8847545
2026-05-21 13:00:00,139.08,139.46,139.0,139.28,12260494
2026-05-21 13:15:00,139.28,139.5,139.24,139.45,9691414
2026-05-21 13:30:00,139.27,139.54,139.27,139.31,9648878
2026-05-21 13:45:00,139.45,139.45,139.35,139.36,687
2026-05-21 14:00:00,139.3,139.5,139.25,139.3,8307245
2026-05-21 14:15:00,139.3,139.45,139.3,139.33,3417
2026-05-21 14:30:00,139.33,139.47,139.26,139.38,1500
2026-05-21 14:45:00,139.38,139.38,139.38,139.38,108
2026-05-21 15:00:00,139.54,139.59,139.05,139.11,33480989
2026-05-21 15:15:00,139.11,139.5,139.0,139.0,38177906
